# BambuPalette — flat multi-material plate
# size 150 x 112.5 mm, thickness 1.4 mm, 6 parts
mtllib sample-plate.mtl
# 底板  #F2F0EB  extruder 1
v 0 112.5 0
v 0 112.5 0.8
v 0 0 0
v 0 0 0.8
v 150 112.5 0
v 150 112.5 0.8
v 150 0 0
v 150 0 0.8
# 01_#F2F0EB_大简 PETG HF 白  #F2F0EB  extruder 1
v 0 112.5 0.8
v 0 112.5 1.4
v 0 105 0.8
v 0 105 1.4
v 0 0 0.8
v 0 0 1.4
v 7.5 105 0.8
v 7.5 105 1.4
v 7.5 51.0938 0.8
v 7.5 51.0938 1.4
v 7.5 50.625 0.8
v 7.5 50.625 1.4
v 7.5 44.0625 0.8
v 7.5 44.0625 1.4
v 7.5 42.1875 0.8
v 7.5 42.1875 1.4
v 7.5 41.7188 0.8
v 7.5 41.7188 1.4
v 7.5 41.25 0.8
v 7.5 41.25 1.4
v 7.5 40.7812 0.8
v 7.5 40.7812 1.4
v 7.5 40.3125 0.8
v 7.5 40.3125 1.4
v 7.5 39.8438 0.8
v 7.5 39.8438 1.4
v 7.5 39.375 0.8
v 7.5 39.375 1.4
v 7.5 38.9062 0.8
v 7.5 38.9062 1.4
v 7.5 38.4375 0.8
v 7.5 38.4375 1.4
v 7.5 37.9688 0.8
v 7.5 37.9688 1.4
v 7.5 37.5 0.8
v 7.5 37.5 1.4
v 7.5 37.0312 0.8
v 7.5 37.0312 1.4
v 7.5 36.5625 0.8
v 7.5 36.5625 1.4
v 7.5 36.0938 0.8
v 7.5 36.0938 1.4
v 7.5 35.625 0.8
v 7.5 35.625 1.4
v 7.5 35.1562 0.8
v 7.5 35.1562 1.4
v 7.5 34.6875 0.8
v 7.5 34.6875 1.4
v 7.5 34.2188 0.8
v 7.5 34.2188 1.4
v 7.5 33.75 0.8
v 7.5 33.75 1.4
v 7.5 33.2812 0.8
v 7.5 33.2812 1.4
v 7.5 32.8125 0.8
v 7.5 32.8125 1.4
v 7.5 32.3438 0.8
v 7.5 32.3438 1.4
v 7.5 31.875 0.8
v 7.5 31.875 1.4
v 7.5 31.4062 0.8
v 7.5 31.4062 1.4
v 7.5 30.9375 0.8
v 7.5 30.9375 1.4
v 7.5 30.4688 0.8
v 7.5 30.4688 1.4
v 7.5 30 0.8
v 7.5 30 1.4
v 7.5 29.5312 0.8
v 7.5 29.5312 1.4
v 7.5 29.0625 0.8
v 7.5 29.0625 1.4
v 7.5 28.5938 0.8
v 7.5 28.5938 1.4
v 7.5 28.125 0.8
v 7.5 28.125 1.4
v 7.5 27.6562 0.8
v 7.5 27.6562 1.4
v 7.5 27.1875 0.8
v 7.5 27.1875 1.4
v 7.5 26.7188 0.8
v 7.5 26.7188 1.4
v 7.5 26.25 0.8
v 7.5 26.25 1.4
v 7.5 25.7812 0.8
v 7.5 25.7812 1.4
v 7.5 25.3125 0.8
v 7.5 25.3125 1.4
v 7.5 24.8438 0.8
v 7.5 24.8438 1.4
v 7.5 24.375 0.8
v 7.5 24.375 1.4
v 7.5 23.9062 0.8
v 7.5 23.9062 1.4
v 7.5 23.4375 0.8
v 7.5 23.4375 1.4
v 7.5 22.9688 0.8
v 7.5 22.9688 1.4
v 7.5 22.5 0.8
v 7.5 22.5 1.4
v 7.5 22.0312 0.8
v 7.5 22.0312 1.4
v 7.5 21.5625 0.8
v 7.5 21.5625 1.4
v 7.5 21.0938 0.8
v 7.5 21.0938 1.4
v 7.5 20.625 0.8
v 7.5 20.625 1.4
v 7.5 20.1562 0.8
v 7.5 20.1562 1.4
v 7.5 19.6875 0.8
v 7.5 19.6875 1.4
v 7.5 19.2188 0.8
v 7.5 19.2188 1.4
v 7.5 18.75 0.8
v 7.5 18.75 1.4
v 7.5 18.2812 0.8
v 7.5 18.2812 1.4
v 7.5 17.8125 0.8
v 7.5 17.8125 1.4
v 7.5 17.3438 0.8
v 7.5 17.3438 1.4
v 7.5 16.875 0.8
v 7.5 16.875 1.4
v 7.5 16.4062 0.8
v 7.5 16.4062 1.4
v 7.5 15.9375 0.8
v 7.5 15.9375 1.4
v 7.5 15.4688 0.8
v 7.5 15.4688 1.4
v 7.5 15 0.8
v 7.5 15 1.4
v 7.5 14.5312 0.8
v 7.5 14.5312 1.4
v 7.5 14.0625 0.8
v 7.5 14.0625 1.4
v 7.5 13.5938 0.8
v 7.5 13.5938 1.4
v 7.5 13.125 0.8
v 7.5 13.125 1.4
v 7.5 12.6562 0.8
v 7.5 12.6562 1.4
v 7.5 12.1875 0.8
v 7.5 12.1875 1.4
v 7.5 11.7188 0.8
v 7.5 11.7188 1.4
v 7.5 11.25 0.8
v 7.5 11.25 1.4
v 7.5 10.7812 0.8
v 7.5 10.7812 1.4
v 7.5 10.3125 0.8
v 7.5 10.3125 1.4
v 7.5 9.8438 0.8
v 7.5 9.8438 1.4
v 7.5 9.375 0.8
v 7.5 9.375 1.4
v 7.5 0 0.8
v 7.5 0 1.4
v 18.75 9.375 0.8
v 18.75 9.375 1.4
v 18.75 8.9062 0.8
v 18.75 8.9062 1.4
v 18.75 0 0.8
v 18.75 0 1.4
v 19.6875 9.8438 0.8
v 19.6875 9.8438 1.4
v 19.6875 9.375 0.8
v 19.6875 9.375 1.4
v 20.1562 10.3125 0.8
v 20.1562 10.3125 1.4
v 20.1562 9.8438 0.8
v 20.1562 9.8438 1.4
v 21.0938 10.7812 0.8
v 21.0938 10.7812 1.4
v 21.0938 10.3125 0.8
v 21.0938 10.3125 1.4
v 22.0312 11.25 0.8
v 22.0312 11.25 1.4
v 22.0312 10.7812 0.8
v 22.0312 10.7812 1.4
v 22.9688 11.7188 0.8
v 22.9688 11.7188 1.4
v 22.9688 11.25 0.8
v 22.9688 11.25 1.4
v 23.4375 12.1875 0.8
v 23.4375 12.1875 1.4
v 23.4375 11.7188 0.8
v 23.4375 11.7188 1.4
v 24.375 12.6562 0.8
v 24.375 12.6562 1.4
v 24.375 12.1875 0.8
v 24.375 12.1875 1.4
v 25.3125 13.125 0.8
v 25.3125 13.125 1.4
v 25.3125 12.6562 0.8
v 25.3125 12.6562 1.4
v 25.7812 13.5938 0.8
v 25.7812 13.5938 1.4
v 25.7812 13.125 0.8
v 25.7812 13.125 1.4
v 26.7188 14.0625 0.8
v 26.7188 14.0625 1.4
v 26.7188 13.5938 0.8
v 26.7188 13.5938 1.4
v 27.6562 14.5312 0.8
v 27.6562 14.5312 1.4
v 27.6562 14.0625 0.8
v 27.6562 14.0625 1.4
v 28.5938 15 0.8
v 28.5938 15 1.4
v 28.5938 14.5312 0.8
v 28.5938 14.5312 1.4
v 29.0625 15.4688 0.8
v 29.0625 15.4688 1.4
v 29.0625 15 0.8
v 29.0625 15 1.4
v 30 15.9375 0.8
v 30 15.9375 1.4
v 30 15.4688 0.8
v 30 15.4688 1.4
v 30.9375 16.4062 0.8
v 30.9375 16.4062 1.4
v 30.9375 15.9375 0.8
v 30.9375 15.9375 1.4
v 31.4062 16.875 0.8
v 31.4062 16.875 1.4
v 31.4062 16.4062 0.8
v 31.4062 16.4062 1.4
v 32.3438 17.3438 0.8
v 32.3438 17.3438 1.4
v 32.3438 16.875 0.8
v 32.3438 16.875 1.4
v 33.2812 17.8125 0.8
v 33.2812 17.8125 1.4
v 33.2812 17.3438 0.8
v 33.2812 17.3438 1.4
v 34.2188 18.2812 0.8
v 34.2188 18.2812 1.4
v 34.2188 17.8125 0.8
v 34.2188 17.8125 1.4
v 34.6875 18.75 0.8
v 34.6875 18.75 1.4
v 34.6875 18.2812 0.8
v 34.6875 18.2812 1.4
v 35.625 19.2188 0.8
v 35.625 19.2188 1.4
v 35.625 18.75 0.8
v 35.625 18.75 1.4
v 36.5625 19.6875 0.8
v 36.5625 19.6875 1.4
v 36.5625 19.2188 0.8
v 36.5625 19.2188 1.4
v 37.0312 20.1562 0.8
v 37.0312 20.1562 1.4
v 37.0312 19.6875 0.8
v 37.0312 19.6875 1.4
v 37.9688 20.625 0.8
v 37.9688 20.625 1.4
v 37.9688 20.1562 0.8
v 37.9688 20.1562 1.4
v 38.9062 21.0938 0.8
v 38.9062 21.0938 1.4
v 38.9062 20.625 0.8
v 38.9062 20.625 1.4
v 39.8438 21.5625 0.8
v 39.8438 21.5625 1.4
v 39.8438 21.0938 0.8
v 39.8438 21.0938 1.4
v 40.3125 22.0312 0.8
v 40.3125 22.0312 1.4
v 40.3125 21.5625 0.8
v 40.3125 21.5625 1.4
v 41.25 22.5 0.8
v 41.25 22.5 1.4
v 41.25 22.0312 0.8
v 41.25 22.0312 1.4
v 42.1875 22.9688 0.8
v 42.1875 22.9688 1.4
v 42.1875 22.5 0.8
v 42.1875 22.5 1.4
v 42.6562 23.4375 0.8
v 42.6562 23.4375 1.4
v 42.6562 22.9688 0.8
v 42.6562 22.9688 1.4
v 43.5938 23.9062 0.8
v 43.5938 23.9062 1.4
v 43.5938 23.4375 0.8
v 43.5938 23.4375 1.4
v 44.5312 24.375 0.8
v 44.5312 24.375 1.4
v 44.5312 23.9062 0.8
v 44.5312 23.9062 1.4
v 45.4688 24.8438 0.8
v 45.4688 24.8438 1.4
v 45.4688 24.375 0.8
v 45.4688 24.375 1.4
v 45.9375 25.3125 0.8
v 45.9375 25.3125 1.4
v 45.9375 24.8438 0.8
v 45.9375 24.8438 1.4
v 46.875 25.7812 0.8
v 46.875 25.7812 1.4
v 46.875 25.3125 0.8
v 46.875 25.3125 1.4
v 47.8125 26.25 0.8
v 47.8125 26.25 1.4
v 47.8125 25.7812 0.8
v 47.8125 25.7812 1.4
v 48.2812 26.7188 0.8
v 48.2812 26.7188 1.4
v 48.2812 26.25 0.8
v 48.2812 26.25 1.4
v 49.2188 27.1875 0.8
v 49.2188 27.1875 1.4
v 49.2188 26.7188 0.8
v 49.2188 26.7188 1.4
v 50.1562 27.6562 0.8
v 50.1562 27.6562 1.4
v 50.1562 27.1875 0.8
v 50.1562 27.1875 1.4
v 51.0938 28.125 0.8
v 51.0938 28.125 1.4
v 51.0938 27.6562 0.8
v 51.0938 27.6562 1.4
v 51.5625 28.5938 0.8
v 51.5625 28.5938 1.4
v 51.5625 28.125 0.8
v 51.5625 28.125 1.4
v 52.5 29.0625 0.8
v 52.5 29.0625 1.4
v 52.5 28.5938 0.8
v 52.5 28.5938 1.4
v 53.4375 29.5312 0.8
v 53.4375 29.5312 1.4
v 53.4375 29.0625 0.8
v 53.4375 29.0625 1.4
v 53.9062 30 0.8
v 53.9062 30 1.4
v 53.9062 29.5312 0.8
v 53.9062 29.5312 1.4
v 54.8438 30.4688 0.8
v 54.8438 30.4688 1.4
v 54.8438 30 0.8
v 54.8438 30 1.4
v 55.7812 30.9375 0.8
v 55.7812 30.9375 1.4
v 55.7812 30.4688 0.8
v 55.7812 30.4688 1.4
v 56.7188 31.4062 0.8
v 56.7188 31.4062 1.4
v 56.7188 30.9375 0.8
v 56.7188 30.9375 1.4
v 57.1875 31.875 0.8
v 57.1875 31.875 1.4
v 57.1875 31.4062 0.8
v 57.1875 31.4062 1.4
v 58.125 32.3438 0.8
v 58.125 32.3438 1.4
v 58.125 31.875 0.8
v 58.125 31.875 1.4
v 59.0625 32.8125 0.8
v 59.0625 32.8125 1.4
v 59.0625 32.3438 0.8
v 59.0625 32.3438 1.4
v 59.5312 33.2812 0.8
v 59.5312 33.2812 1.4
v 59.5312 32.8125 0.8
v 59.5312 32.8125 1.4
v 60.4688 33.75 0.8
v 60.4688 33.75 1.4
v 60.4688 33.2812 0.8
v 60.4688 33.2812 1.4
v 61.4062 34.2188 0.8
v 61.4062 34.2188 1.4
v 61.4062 33.75 0.8
v 61.4062 33.75 1.4
v 62.3438 34.6875 0.8
v 62.3438 34.6875 1.4
v 62.3438 34.2188 0.8
v 62.3438 34.2188 1.4
v 62.8125 35.1562 0.8
v 62.8125 35.1562 1.4
v 62.8125 34.6875 0.8
v 62.8125 34.6875 1.4
v 63.75 35.625 0.8
v 63.75 35.625 1.4
v 63.75 35.1562 0.8
v 63.75 35.1562 1.4
v 64.6875 36.0938 0.8
v 64.6875 36.0938 1.4
v 64.6875 35.625 0.8
v 64.6875 35.625 1.4
v 65.1562 36.5625 0.8
v 65.1562 36.5625 1.4
v 65.1562 36.0938 0.8
v 65.1562 36.0938 1.4
v 66.0938 37.0312 0.8
v 66.0938 37.0312 1.4
v 66.0938 36.5625 0.8
v 66.0938 36.5625 1.4
v 67.0312 37.5 0.8
v 67.0312 37.5 1.4
v 67.0312 37.0312 0.8
v 67.0312 37.0312 1.4
v 67.9688 37.9688 0.8
v 67.9688 37.9688 1.4
v 67.9688 37.5 0.8
v 67.9688 37.5 1.4
v 68.4375 38.4375 0.8
v 68.4375 38.4375 1.4
v 68.4375 37.9688 0.8
v 68.4375 37.9688 1.4
v 69.375 38.9062 0.8
v 69.375 38.9062 1.4
v 69.375 38.4375 0.8
v 69.375 38.4375 1.4
v 70.3125 39.375 0.8
v 70.3125 39.375 1.4
v 70.3125 38.9062 0.8
v 70.3125 38.9062 1.4
v 70.7812 105 0.8
v 70.7812 105 1.4
v 70.7812 103.125 0.8
v 70.7812 103.125 1.4
v 70.7812 102.6562 0.8
v 70.7812 102.6562 1.4
v 70.7812 102.1875 0.8
v 70.7812 102.1875 1.4
v 70.7812 101.7188 0.8
v 70.7812 101.7188 1.4
v 70.7812 101.25 0.8
v 70.7812 101.25 1.4
v 70.7812 100.7812 0.8
v 70.7812 100.7812 1.4
v 70.7812 100.3125 0.8
v 70.7812 100.3125 1.4
v 70.7812 99.8438 0.8
v 70.7812 99.8438 1.4
v 70.7812 99.375 0.8
v 70.7812 99.375 1.4
v 70.7812 98.9062 0.8
v 70.7812 98.9062 1.4
v 70.7812 98.4375 0.8
v 70.7812 98.4375 1.4
v 70.7812 97.9688 0.8
v 70.7812 97.9688 1.4
v 70.7812 97.5 0.8
v 70.7812 97.5 1.4
v 70.7812 97.0312 0.8
v 70.7812 97.0312 1.4
v 70.7812 96.5625 0.8
v 70.7812 96.5625 1.4
v 70.7812 96.0938 0.8
v 70.7812 96.0938 1.4
v 70.7812 95.625 0.8
v 70.7812 95.625 1.4
v 70.7812 95.1562 0.8
v 70.7812 95.1562 1.4
v 70.7812 94.6875 0.8
v 70.7812 94.6875 1.4
v 70.7812 94.2188 0.8
v 70.7812 94.2188 1.4
v 70.7812 93.75 0.8
v 70.7812 93.75 1.4
v 70.7812 93.2812 0.8
v 70.7812 93.2812 1.4
v 70.7812 92.8125 0.8
v 70.7812 92.8125 1.4
v 70.7812 92.3438 0.8
v 70.7812 92.3438 1.4
v 70.7812 91.875 0.8
v 70.7812 91.875 1.4
v 70.7812 90.9375 0.8
v 70.7812 90.9375 1.4
v 70.7812 90.4688 0.8
v 70.7812 90.4688 1.4
v 70.7812 89.5312 0.8
v 70.7812 89.5312 1.4
v 70.7812 89.0625 0.8
v 70.7812 89.0625 1.4
v 70.7812 88.125 0.8
v 70.7812 88.125 1.4
v 70.7812 87.1875 0.8
v 70.7812 87.1875 1.4
v 70.7812 85.7812 0.8
v 70.7812 85.7812 1.4
v 70.7812 84.375 0.8
v 70.7812 84.375 1.4
v 70.7812 82.5 0.8
v 70.7812 82.5 1.4
v 70.7812 51.0938 0.8
v 70.7812 51.0938 1.4
v 70.7812 50.625 0.8
v 70.7812 50.625 1.4
v 70.7812 39.8438 0.8
v 70.7812 39.8438 1.4
v 70.7812 39.375 0.8
v 70.7812 39.375 1.4
v 71.7188 40.3125 0.8
v 71.7188 40.3125 1.4
v 71.7188 39.8438 0.8
v 71.7188 39.8438 1.4
v 72.6562 40.7812 0.8
v 72.6562 40.7812 1.4
v 72.6562 40.3125 0.8
v 72.6562 40.3125 1.4
v 73.5938 41.25 0.8
v 73.5938 41.25 1.4
v 73.5938 40.7812 0.8
v 73.5938 40.7812 1.4
v 74.0625 41.7188 0.8
v 74.0625 41.7188 1.4
v 74.0625 41.25 0.8
v 74.0625 41.25 1.4
v 75 42.1875 0.8
v 75 42.1875 1.4
v 75 41.7188 0.8
v 75 41.7188 1.4
v 75.4688 42.1875 0.8
v 75.4688 42.1875 1.4
v 75.4688 41.7188 0.8
v 75.4688 41.7188 1.4
v 76.4062 41.7188 0.8
v 76.4062 41.7188 1.4
v 76.4062 41.25 0.8
v 76.4062 41.25 1.4
v 76.875 41.25 0.8
v 76.875 41.25 1.4
v 76.875 40.7812 0.8
v 76.875 40.7812 1.4
v 77.8125 40.7812 0.8
v 77.8125 40.7812 1.4
v 77.8125 40.3125 0.8
v 77.8125 40.3125 1.4
v 78.75 40.3125 0.8
v 78.75 40.3125 1.4
v 78.75 39.8438 0.8
v 78.75 39.8438 1.4
v 79.6875 82.5 0.8
v 79.6875 82.5 1.4
v 79.6875 76.4062 0.8
v 79.6875 76.4062 1.4
v 79.6875 50.625 0.8
v 79.6875 50.625 1.4
v 79.6875 39.8438 0.8
v 79.6875 39.8438 1.4
v 79.6875 39.375 0.8
v 79.6875 39.375 1.4
v 80.1562 84.375 0.8
v 80.1562 84.375 1.4
v 80.1562 82.5 0.8
v 80.1562 82.5 1.4
v 80.1562 76.4062 0.8
v 80.1562 76.4062 1.4
v 80.1562 74.5312 0.8
v 80.1562 74.5312 1.4
v 80.1562 50.625 0.8
v 80.1562 50.625 1.4
v 80.1562 39.375 0.8
v 80.1562 39.375 1.4
v 80.1562 38.9062 0.8
v 80.1562 38.9062 1.4
v 80.625 85.7812 0.8
v 80.625 85.7812 1.4
v 80.625 84.375 0.8
v 80.625 84.375 1.4
v 80.625 74.5312 0.8
v 80.625 74.5312 1.4
v 80.625 73.125 0.8
v 80.625 73.125 1.4
v 80.625 50.625 0.8
v 80.625 50.625 1.4
v 81.0938 87.1875 0.8
v 81.0938 87.1875 1.4
v 81.0938 85.7812 0.8
v 81.0938 85.7812 1.4
v 81.0938 73.125 0.8
v 81.0938 73.125 1.4
v 81.0938 71.7188 0.8
v 81.0938 71.7188 1.4
v 81.0938 50.625 0.8
v 81.0938 50.625 1.4
v 81.0938 38.9062 0.8
v 81.0938 38.9062 1.4
v 81.0938 38.4375 0.8
v 81.0938 38.4375 1.4
v 81.5625 88.125 0.8
v 81.5625 88.125 1.4
v 81.5625 87.1875 0.8
v 81.5625 87.1875 1.4
v 81.5625 71.7188 0.8
v 81.5625 71.7188 1.4
v 81.5625 70.7812 0.8
v 81.5625 70.7812 1.4
v 81.5625 50.625 0.8
v 81.5625 50.625 1.4
v 82.0312 89.0625 0.8
v 82.0312 89.0625 1.4
v 82.0312 88.125 0.8
v 82.0312 88.125 1.4
v 82.0312 70.7812 0.8
v 82.0312 70.7812 1.4
v 82.0312 69.8438 0.8
v 82.0312 69.8438 1.4
v 82.0312 50.625 0.8
v 82.0312 50.625 1.4
v 82.0312 38.4375 0.8
v 82.0312 38.4375 1.4
v 82.0312 37.9688 0.8
v 82.0312 37.9688 1.4
v 82.5 89.5312 0.8
v 82.5 89.5312 1.4
v 82.5 89.0625 0.8
v 82.5 89.0625 1.4
v 82.5 69.8438 0.8
v 82.5 69.8438 1.4
v 82.5 69.375 0.8
v 82.5 69.375 1.4
v 82.5 50.625 0.8
v 82.5 50.625 1.4
v 82.5 37.9688 0.8
v 82.5 37.9688 1.4
v 82.5 37.5 0.8
v 82.5 37.5 1.4
v 82.9688 90.4688 0.8
v 82.9688 90.4688 1.4
v 82.9688 89.5312 0.8
v 82.9688 89.5312 1.4
v 82.9688 69.375 0.8
v 82.9688 69.375 1.4
v 82.9688 68.4375 0.8
v 82.9688 68.4375 1.4
v 82.9688 50.625 0.8
v 82.9688 50.625 1.4
v 83.4375 90.9375 0.8
v 83.4375 90.9375 1.4
v 83.4375 90.4688 0.8
v 83.4375 90.4688 1.4
v 83.4375 68.4375 0.8
v 83.4375 68.4375 1.4
v 83.4375 67.9688 0.8
v 83.4375 67.9688 1.4
v 83.4375 50.625 0.8
v 83.4375 50.625 1.4
v 83.4375 37.5 0.8
v 83.4375 37.5 1.4
v 83.4375 37.0312 0.8
v 83.4375 37.0312 1.4
v 83.9062 91.875 0.8
v 83.9062 91.875 1.4
v 83.9062 90.9375 0.8
v 83.9062 90.9375 1.4
v 83.9062 67.9688 0.8
v 83.9062 67.9688 1.4
v 83.9062 67.0312 0.8
v 83.9062 67.0312 1.4
v 83.9062 50.625 0.8
v 83.9062 50.625 1.4
v 84.375 92.3438 0.8
v 84.375 92.3438 1.4
v 84.375 91.875 0.8
v 84.375 91.875 1.4
v 84.375 67.0312 0.8
v 84.375 67.0312 1.4
v 84.375 66.5625 0.8
v 84.375 66.5625 1.4
v 84.375 50.625 0.8
v 84.375 50.625 1.4
v 84.375 37.0312 0.8
v 84.375 37.0312 1.4
v 84.375 36.5625 0.8
v 84.375 36.5625 1.4
v 84.8438 92.8125 0.8
v 84.8438 92.8125 1.4
v 84.8438 92.3438 0.8
v 84.8438 92.3438 1.4
v 84.8438 66.5625 0.8
v 84.8438 66.5625 1.4
v 84.8438 66.0938 0.8
v 84.8438 66.0938 1.4
v 84.8438 50.625 0.8
v 84.8438 50.625 1.4
v 85.3125 93.2812 0.8
v 85.3125 93.2812 1.4
v 85.3125 92.8125 0.8
v 85.3125 92.8125 1.4
v 85.3125 66.0938 0.8
v 85.3125 66.0938 1.4
v 85.3125 65.625 0.8
v 85.3125 65.625 1.4
v 85.3125 50.625 0.8
v 85.3125 50.625 1.4
v 85.3125 36.5625 0.8
v 85.3125 36.5625 1.4
v 85.3125 36.0938 0.8
v 85.3125 36.0938 1.4
v 85.7812 93.75 0.8
v 85.7812 93.75 1.4
v 85.7812 93.2812 0.8
v 85.7812 93.2812 1.4
v 85.7812 65.625 0.8
v 85.7812 65.625 1.4
v 85.7812 65.1562 0.8
v 85.7812 65.1562 1.4
v 85.7812 50.625 0.8
v 85.7812 50.625 1.4
v 85.7812 36.0938 0.8
v 85.7812 36.0938 1.4
v 85.7812 35.625 0.8
v 85.7812 35.625 1.4
v 86.25 94.2188 0.8
v 86.25 94.2188 1.4
v 86.25 93.75 0.8
v 86.25 93.75 1.4
v 86.25 65.1562 0.8
v 86.25 65.1562 1.4
v 86.25 64.6875 0.8
v 86.25 64.6875 1.4
v 86.25 50.625 0.8
v 86.25 50.625 1.4
v 86.7188 94.6875 0.8
v 86.7188 94.6875 1.4
v 86.7188 94.2188 0.8
v 86.7188 94.2188 1.4
v 86.7188 64.6875 0.8
v 86.7188 64.6875 1.4
v 86.7188 64.2188 0.8
v 86.7188 64.2188 1.4
v 86.7188 50.625 0.8
v 86.7188 50.625 1.4
v 86.7188 35.625 0.8
v 86.7188 35.625 1.4
v 86.7188 35.1562 0.8
v 86.7188 35.1562 1.4
v 87.1875 95.1562 0.8
v 87.1875 95.1562 1.4
v 87.1875 94.6875 0.8
v 87.1875 94.6875 1.4
v 87.1875 64.2188 0.8
v 87.1875 64.2188 1.4
v 87.1875 63.75 0.8
v 87.1875 63.75 1.4
v 87.1875 50.625 0.8
v 87.1875 50.625 1.4
v 87.6562 95.625 0.8
v 87.6562 95.625 1.4
v 87.6562 95.1562 0.8
v 87.6562 95.1562 1.4
v 87.6562 63.75 0.8
v 87.6562 63.75 1.4
v 87.6562 63.2812 0.8
v 87.6562 63.2812 1.4
v 87.6562 50.625 0.8
v 87.6562 50.625 1.4
v 87.6562 35.1562 0.8
v 87.6562 35.1562 1.4
v 87.6562 34.6875 0.8
v 87.6562 34.6875 1.4
v 88.125 96.0938 0.8
v 88.125 96.0938 1.4
v 88.125 95.625 0.8
v 88.125 95.625 1.4
v 88.125 63.2812 0.8
v 88.125 63.2812 1.4
v 88.125 62.8125 0.8
v 88.125 62.8125 1.4
v 88.125 50.625 0.8
v 88.125 50.625 1.4
v 88.125 34.6875 0.8
v 88.125 34.6875 1.4
v 88.125 34.2188 0.8
v 88.125 34.2188 1.4
v 89.0625 96.5625 0.8
v 89.0625 96.5625 1.4
v 89.0625 96.0938 0.8
v 89.0625 96.0938 1.4
v 89.0625 62.8125 0.8
v 89.0625 62.8125 1.4
v 89.0625 62.3438 0.8
v 89.0625 62.3438 1.4
v 89.0625 50.625 0.8
v 89.0625 50.625 1.4
v 89.0625 34.2188 0.8
v 89.0625 34.2188 1.4
v 89.0625 33.75 0.8
v 89.0625 33.75 1.4
v 89.5312 97.0312 0.8
v 89.5312 97.0312 1.4
v 89.5312 96.5625 0.8
v 89.5312 96.5625 1.4
v 89.5312 62.3438 0.8
v 89.5312 62.3438 1.4
v 89.5312 61.875 0.8
v 89.5312 61.875 1.4
v 89.5312 50.625 0.8
v 89.5312 50.625 1.4
v 90 33.75 0.8
v 90 33.75 1.4
v 90 33.2812 0.8
v 90 33.2812 1.4
v 90.4688 97.5 0.8
v 90.4688 97.5 1.4
v 90.4688 97.0312 0.8
v 90.4688 97.0312 1.4
v 90.4688 61.875 0.8
v 90.4688 61.875 1.4
v 90.4688 61.4062 0.8
v 90.4688 61.4062 1.4
v 90.4688 50.625 0.8
v 90.4688 50.625 1.4
v 90.9375 97.9688 0.8
v 90.9375 97.9688 1.4
v 90.9375 97.5 0.8
v 90.9375 97.5 1.4
v 90.9375 61.4062 0.8
v 90.9375 61.4062 1.4
v 90.9375 60.9375 0.8
v 90.9375 60.9375 1.4
v 90.9375 50.625 0.8
v 90.9375 50.625 1.4
v 90.9375 33.2812 0.8
v 90.9375 33.2812 1.4
v 90.9375 32.8125 0.8
v 90.9375 32.8125 1.4
v 91.4062 32.8125 0.8
v 91.4062 32.8125 1.4
v 91.4062 32.3438 0.8
v 91.4062 32.3438 1.4
v 91.875 98.4375 0.8
v 91.875 98.4375 1.4
v 91.875 97.9688 0.8
v 91.875 97.9688 1.4
v 91.875 60.9375 0.8
v 91.875 60.9375 1.4
v 91.875 60.4688 0.8
v 91.875 60.4688 1.4
v 91.875 50.625 0.8
v 91.875 50.625 1.4
v 92.3438 98.9062 0.8
v 92.3438 98.9062 1.4
v 92.3438 98.4375 0.8
v 92.3438 98.4375 1.4
v 92.3438 60.4688 0.8
v 92.3438 60.4688 1.4
v 92.3438 60 0.8
v 92.3438 60 1.4
v 92.3438 50.625 0.8
v 92.3438 50.625 1.4
v 92.3438 32.3438 0.8
v 92.3438 32.3438 1.4
v 92.3438 31.875 0.8
v 92.3438 31.875 1.4
v 93.2812 99.375 0.8
v 93.2812 99.375 1.4
v 93.2812 98.9062 0.8
v 93.2812 98.9062 1.4
v 93.2812 60 0.8
v 93.2812 60 1.4
v 93.2812 59.5312 0.8
v 93.2812 59.5312 1.4
v 93.2812 50.625 0.8
v 93.2812 50.625 1.4
v 93.2812 31.875 0.8
v 93.2812 31.875 1.4
v 93.2812 31.4062 0.8
v 93.2812 31.4062 1.4
v 93.75 31.4062 0.8
v 93.75 31.4062 1.4
v 93.75 30.9375 0.8
v 93.75 30.9375 1.4
v 94.2188 99.8438 0.8
v 94.2188 99.8438 1.4
v 94.2188 99.375 0.8
v 94.2188 99.375 1.4
v 94.2188 59.5312 0.8
v 94.2188 59.5312 1.4
v 94.2188 59.0625 0.8
v 94.2188 59.0625 1.4
v 94.2188 50.625 0.8
v 94.2188 50.625 1.4
v 94.6875 30.9375 0.8
v 94.6875 30.9375 1.4
v 94.6875 30.4688 0.8
v 94.6875 30.4688 1.4
v 95.1562 100.3125 0.8
v 95.1562 100.3125 1.4
v 95.1562 99.8438 0.8
v 95.1562 99.8438 1.4
v 95.1562 59.0625 0.8
v 95.1562 59.0625 1.4
v 95.1562 58.5938 0.8
v 95.1562 58.5938 1.4
v 95.1562 50.625 0.8
v 95.1562 50.625 1.4
v 95.625 30.4688 0.8
v 95.625 30.4688 1.4
v 95.625 30 0.8
v 95.625 30 1.4
v 96.5625 100.7812 0.8
v 96.5625 100.7812 1.4
v 96.5625 100.3125 0.8
v 96.5625 100.3125 1.4
v 96.5625 58.5938 0.8
v 96.5625 58.5938 1.4
v 96.5625 58.125 0.8
v 96.5625 58.125 1.4
v 96.5625 50.625 0.8
v 96.5625 50.625 1.4
v 96.5625 30 0.8
v 96.5625 30 1.4
v 96.5625 29.5312 0.8
v 96.5625 29.5312 1.4
v 97.0312 29.5312 0.8
v 97.0312 29.5312 1.4
v 97.0312 29.0625 0.8
v 97.0312 29.0625 1.4
v 97.9688 101.25 0.8
v 97.9688 101.25 1.4
v 97.9688 100.7812 0.8
v 97.9688 100.7812 1.4
v 97.9688 58.125 0.8
v 97.9688 58.125 1.4
v 97.9688 57.6562 0.8
v 97.9688 57.6562 1.4
v 97.9688 50.625 0.8
v 97.9688 50.625 1.4
v 97.9688 29.0625 0.8
v 97.9688 29.0625 1.4
v 97.9688 28.5938 0.8
v 97.9688 28.5938 1.4
v 98.9062 28.5938 0.8
v 98.9062 28.5938 1.4
v 98.9062 28.125 0.8
v 98.9062 28.125 1.4
v 99.375 101.7188 0.8
v 99.375 101.7188 1.4
v 99.375 101.25 0.8
v 99.375 101.25 1.4
v 99.375 57.6562 0.8
v 99.375 57.6562 1.4
v 99.375 57.1875 0.8
v 99.375 57.1875 1.4
v 99.375 50.625 0.8
v 99.375 50.625 1.4
v 99.375 44.0625 0.8
v 99.375 44.0625 1.4
v 99.375 42.1875 0.8
v 99.375 42.1875 1.4
v 99.375 41.7188 0.8
v 99.375 41.7188 1.4
v 99.375 41.25 0.8
v 99.375 41.25 1.4
v 99.375 40.7812 0.8
v 99.375 40.7812 1.4
v 99.375 40.3125 0.8
v 99.375 40.3125 1.4
v 99.375 39.8438 0.8
v 99.375 39.8438 1.4
v 99.375 39.375 0.8
v 99.375 39.375 1.4
v 99.375 38.9062 0.8
v 99.375 38.9062 1.4
v 99.375 38.4375 0.8
v 99.375 38.4375 1.4
v 99.375 37.9688 0.8
v 99.375 37.9688 1.4
v 99.375 37.5 0.8
v 99.375 37.5 1.4
v 99.375 37.0312 0.8
v 99.375 37.0312 1.4
v 99.375 36.5625 0.8
v 99.375 36.5625 1.4
v 99.375 36.0938 0.8
v 99.375 36.0938 1.4
v 99.375 35.625 0.8
v 99.375 35.625 1.4
v 99.375 35.1562 0.8
v 99.375 35.1562 1.4
v 99.375 34.6875 0.8
v 99.375 34.6875 1.4
v 99.375 34.2188 0.8
v 99.375 34.2188 1.4
v 99.375 33.75 0.8
v 99.375 33.75 1.4
v 99.375 33.2812 0.8
v 99.375 33.2812 1.4
v 99.375 32.8125 0.8
v 99.375 32.8125 1.4
v 99.375 32.3438 0.8
v 99.375 32.3438 1.4
v 99.375 31.875 0.8
v 99.375 31.875 1.4
v 99.375 31.4062 0.8
v 99.375 31.4062 1.4
v 99.375 30.9375 0.8
v 99.375 30.9375 1.4
v 99.375 30.4688 0.8
v 99.375 30.4688 1.4
v 99.375 30 0.8
v 99.375 30 1.4
v 99.375 29.5312 0.8
v 99.375 29.5312 1.4
v 99.375 29.0625 0.8
v 99.375 29.0625 1.4
v 99.375 28.5938 0.8
v 99.375 28.5938 1.4
v 99.375 28.125 0.8
v 99.375 28.125 1.4
v 99.375 27.6562 0.8
v 99.375 27.6562 1.4
v 100.3125 27.6562 0.8
v 100.3125 27.6562 1.4
v 100.3125 27.1875 0.8
v 100.3125 27.1875 1.4
v 100.7812 102.1875 0.8
v 100.7812 102.1875 1.4
v 100.7812 101.7188 0.8
v 100.7812 101.7188 1.4
v 100.7812 57.1875 0.8
v 100.7812 57.1875 1.4
v 100.7812 56.7188 0.8
v 100.7812 56.7188 1.4
v 100.7812 27.6562 0.8
v 100.7812 27.6562 1.4
v 100.7812 27.1875 0.8
v 100.7812 27.1875 1.4
v 101.25 27.1875 0.8
v 101.25 27.1875 1.4
v 101.25 26.7188 0.8
v 101.25 26.7188 1.4
v 102.1875 26.7188 0.8
v 102.1875 26.7188 1.4
v 102.1875 26.25 0.8
v 102.1875 26.25 1.4
v 102.6562 26.25 0.8
v 102.6562 26.25 1.4
v 102.6562 25.7812 0.8
v 102.6562 25.7812 1.4
v 103.125 102.6562 0.8
v 103.125 102.6562 1.4
v 103.125 102.1875 0.8
v 103.125 102.1875 1.4
v 103.125 56.7188 0.8
v 103.125 56.7188 1.4
v 103.125 56.25 0.8
v 103.125 56.25 1.4
v 103.125 27.1875 0.8
v 103.125 27.1875 1.4
v 103.125 26.7188 0.8
v 103.125 26.7188 1.4
v 103.125 26.25 0.8
v 103.125 26.25 1.4
v 103.125 25.7812 0.8
v 103.125 25.7812 1.4
v 103.5938 25.7812 0.8
v 103.5938 25.7812 1.4
v 103.5938 25.3125 0.8
v 103.5938 25.3125 1.4
v 104.5312 25.3125 0.8
v 104.5312 25.3125 1.4
v 104.5312 24.8438 0.8
v 104.5312 24.8438 1.4
v 105 24.8438 0.8
v 105 24.8438 1.4
v 105 24.375 0.8
v 105 24.375 1.4
v 105.9375 103.125 0.8
v 105.9375 103.125 1.4
v 105.9375 102.6562 0.8
v 105.9375 102.6562 1.4
v 105.9375 56.25 0.8
v 105.9375 56.25 1.4
v 105.9375 55.7812 0.8
v 105.9375 55.7812 1.4
v 105.9375 25.7812 0.8
v 105.9375 25.7812 1.4
v 105.9375 25.3125 0.8
v 105.9375 25.3125 1.4
v 105.9375 24.8438 0.8
v 105.9375 24.8438 1.4
v 105.9375 24.375 0.8
v 105.9375 24.375 1.4
v 105.9375 23.9062 0.8
v 105.9375 23.9062 1.4
v 106.875 23.9062 0.8
v 106.875 23.9062 1.4
v 106.875 23.4375 0.8
v 106.875 23.4375 1.4
v 107.8125 23.4375 0.8
v 107.8125 23.4375 1.4
v 107.8125 22.9688 0.8
v 107.8125 22.9688 1.4
v 108.2812 22.9688 0.8
v 108.2812 22.9688 1.4
v 108.2812 22.5 0.8
v 108.2812 22.5 1.4
v 109.2188 22.5 0.8
v 109.2188 22.5 1.4
v 109.2188 22.0312 0.8
v 109.2188 22.0312 1.4
v 110.1562 22.0312 0.8
v 110.1562 22.0312 1.4
v 110.1562 21.5625 0.8
v 110.1562 21.5625 1.4
v 110.625 21.5625 0.8
v 110.625 21.5625 1.4
v 110.625 21.0938 0.8
v 110.625 21.0938 1.4
v 111.5625 21.0938 0.8
v 111.5625 21.0938 1.4
v 111.5625 20.625 0.8
v 111.5625 20.625 1.4
v 112.5 20.625 0.8
v 112.5 20.625 1.4
v 112.5 20.1562 0.8
v 112.5 20.1562 1.4
v 113.4375 20.1562 0.8
v 113.4375 20.1562 1.4
v 113.4375 19.6875 0.8
v 113.4375 19.6875 1.4
v 113.9062 19.6875 0.8
v 113.9062 19.6875 1.4
v 113.9062 19.2188 0.8
v 113.9062 19.2188 1.4
v 114.8438 103.125 0.8
v 114.8438 103.125 1.4
v 114.8438 102.6562 0.8
v 114.8438 102.6562 1.4
v 114.8438 56.25 0.8
v 114.8438 56.25 1.4
v 114.8438 55.7812 0.8
v 114.8438 55.7812 1.4
v 114.8438 23.9062 0.8
v 114.8438 23.9062 1.4
v 114.8438 23.4375 0.8
v 114.8438 23.4375 1.4
v 114.8438 22.9688 0.8
v 114.8438 22.9688 1.4
v 114.8438 22.5 0.8
v 114.8438 22.5 1.4
v 114.8438 22.0312 0.8
v 114.8438 22.0312 1.4
v 114.8438 21.5625 0.8
v 114.8438 21.5625 1.4
v 114.8438 21.0938 0.8
v 114.8438 21.0938 1.4
v 114.8438 20.625 0.8
v 114.8438 20.625 1.4
v 114.8438 20.1562 0.8
v 114.8438 20.1562 1.4
v 114.8438 19.6875 0.8
v 114.8438 19.6875 1.4
v 114.8438 19.2188 0.8
v 114.8438 19.2188 1.4
v 114.8438 18.75 0.8
v 114.8438 18.75 1.4
v 115.7812 18.75 0.8
v 115.7812 18.75 1.4
v 115.7812 18.2812 0.8
v 115.7812 18.2812 1.4
v 116.25 18.2812 0.8
v 116.25 18.2812 1.4
v 116.25 17.8125 0.8
v 116.25 17.8125 1.4
v 117.1875 17.8125 0.8
v 117.1875 17.8125 1.4
v 117.1875 17.3438 0.8
v 117.1875 17.3438 1.4
v 117.6562 102.6562 0.8
v 117.6562 102.6562 1.4
v 117.6562 102.1875 0.8
v 117.6562 102.1875 1.4
v 117.6562 56.7188 0.8
v 117.6562 56.7188 1.4
v 117.6562 56.25 0.8
v 117.6562 56.25 1.4
v 117.6562 18.75 0.8
v 117.6562 18.75 1.4
v 117.6562 18.2812 0.8
v 117.6562 18.2812 1.4
v 117.6562 17.8125 0.8
v 117.6562 17.8125 1.4
v 117.6562 17.3438 0.8
v 117.6562 17.3438 1.4
v 118.125 17.3438 0.8
v 118.125 17.3438 1.4
v 118.125 16.875 0.8
v 118.125 16.875 1.4
v 119.0625 16.875 0.8
v 119.0625 16.875 1.4
v 119.0625 16.4062 0.8
v 119.0625 16.4062 1.4
v 119.5312 16.4062 0.8
v 119.5312 16.4062 1.4
v 119.5312 15.9375 0.8
v 119.5312 15.9375 1.4
v 120 102.1875 0.8
v 120 102.1875 1.4
v 120 101.7188 0.8
v 120 101.7188 1.4
v 120 57.1875 0.8
v 120 57.1875 1.4
v 120 56.7188 0.8
v 120 56.7188 1.4
v 120 17.3438 0.8
v 120 17.3438 1.4
v 120 16.875 0.8
v 120 16.875 1.4
v 120 16.4062 0.8
v 120 16.4062 1.4
v 120 15.9375 0.8
v 120 15.9375 1.4
v 120.4688 15.9375 0.8
v 120.4688 15.9375 1.4
v 120.4688 15.4688 0.8
v 120.4688 15.4688 1.4
v 121.4062 101.7188 0.8
v 121.4062 101.7188 1.4
v 121.4062 101.25 0.8
v 121.4062 101.25 1.4
v 121.4062 57.6562 0.8
v 121.4062 57.6562 1.4
v 121.4062 57.1875 0.8
v 121.4062 57.1875 1.4
v 121.4062 15.9375 0.8
v 121.4062 15.9375 1.4
v 121.4062 15.4688 0.8
v 121.4062 15.4688 1.4
v 121.4062 15 0.8
v 121.4062 15 1.4
v 121.875 15 0.8
v 121.875 15 1.4
v 121.875 14.5312 0.8
v 121.875 14.5312 1.4
v 122.8125 101.25 0.8
v 122.8125 101.25 1.4
v 122.8125 100.7812 0.8
v 122.8125 100.7812 1.4
v 122.8125 58.125 0.8
v 122.8125 58.125 1.4
v 122.8125 57.6562 0.8
v 122.8125 57.6562 1.4
v 122.8125 15 0.8
v 122.8125 15 1.4
v 122.8125 14.5312 0.8
v 122.8125 14.5312 1.4
v 122.8125 14.0625 0.8
v 122.8125 14.0625 1.4
v 123.75 14.0625 0.8
v 123.75 14.0625 1.4
v 123.75 13.5938 0.8
v 123.75 13.5938 1.4
v 124.2188 100.7812 0.8
v 124.2188 100.7812 1.4
v 124.2188 100.3125 0.8
v 124.2188 100.3125 1.4
v 124.2188 58.5938 0.8
v 124.2188 58.5938 1.4
v 124.2188 58.125 0.8
v 124.2188 58.125 1.4
v 124.2188 14.0625 0.8
v 124.2188 14.0625 1.4
v 124.2188 13.5938 0.8
v 124.2188 13.5938 1.4
v 124.6875 13.5938 0.8
v 124.6875 13.5938 1.4
v 124.6875 13.125 0.8
v 124.6875 13.125 1.4
v 125.1562 13.125 0.8
v 125.1562 13.125 1.4
v 125.1562 12.6562 0.8
v 125.1562 12.6562 1.4
v 125.625 100.3125 0.8
v 125.625 100.3125 1.4
v 125.625 99.8438 0.8
v 125.625 99.8438 1.4
v 125.625 59.0625 0.8
v 125.625 59.0625 1.4
v 125.625 58.5938 0.8
v 125.625 58.5938 1.4
v 125.625 13.5938 0.8
v 125.625 13.5938 1.4
v 125.625 13.125 0.8
v 125.625 13.125 1.4
v 125.625 12.6562 0.8
v 125.625 12.6562 1.4
v 126.0938 12.6562 0.8
v 126.0938 12.6562 1.4
v 126.0938 12.1875 0.8
v 126.0938 12.1875 1.4
v 126.5625 99.8438 0.8
v 126.5625 99.8438 1.4
v 126.5625 99.375 0.8
v 126.5625 99.375 1.4
v 126.5625 59.5312 0.8
v 126.5625 59.5312 1.4
v 126.5625 59.0625 0.8
v 126.5625 59.0625 1.4
v 126.5625 12.6562 0.8
v 126.5625 12.6562 1.4
v 126.5625 12.1875 0.8
v 126.5625 12.1875 1.4
v 127.0312 12.1875 0.8
v 127.0312 12.1875 1.4
v 127.0312 11.7188 0.8
v 127.0312 11.7188 1.4
v 127.5 99.375 0.8
v 127.5 99.375 1.4
v 127.5 98.9062 0.8
v 127.5 98.9062 1.4
v 127.5 60 0.8
v 127.5 60 1.4
v 127.5 59.5312 0.8
v 127.5 59.5312 1.4
v 127.5 12.1875 0.8
v 127.5 12.1875 1.4
v 127.5 11.7188 0.8
v 127.5 11.7188 1.4
v 127.5 11.25 0.8
v 127.5 11.25 1.4
v 128.4375 98.9062 0.8
v 128.4375 98.9062 1.4
v 128.4375 98.4375 0.8
v 128.4375 98.4375 1.4
v 128.4375 60.4688 0.8
v 128.4375 60.4688 1.4
v 128.4375 60 0.8
v 128.4375 60 1.4
v 128.4375 11.25 0.8
v 128.4375 11.25 1.4
v 128.4375 10.7812 0.8
v 128.4375 10.7812 1.4
v 128.9062 98.4375 0.8
v 128.9062 98.4375 1.4
v 128.9062 97.9688 0.8
v 128.9062 97.9688 1.4
v 128.9062 60.9375 0.8
v 128.9062 60.9375 1.4
v 128.9062 60.4688 0.8
v 128.9062 60.4688 1.4
v 128.9062 10.7812 0.8
v 128.9062 10.7812 1.4
v 129.375 10.7812 0.8
v 129.375 10.7812 1.4
v 129.375 10.3125 0.8
v 129.375 10.3125 1.4
v 129.8438 97.9688 0.8
v 129.8438 97.9688 1.4
v 129.8438 97.5 0.8
v 129.8438 97.5 1.4
v 129.8438 61.4062 0.8
v 129.8438 61.4062 1.4
v 129.8438 60.9375 0.8
v 129.8438 60.9375 1.4
v 129.8438 10.7812 0.8
v 129.8438 10.7812 1.4
v 129.8438 10.3125 0.8
v 129.8438 10.3125 1.4
v 130.3125 97.5 0.8
v 130.3125 97.5 1.4
v 130.3125 97.0312 0.8
v 130.3125 97.0312 1.4
v 130.3125 61.875 0.8
v 130.3125 61.875 1.4
v 130.3125 61.4062 0.8
v 130.3125 61.4062 1.4
v 130.3125 10.3125 0.8
v 130.3125 10.3125 1.4
v 130.3125 9.8438 0.8
v 130.3125 9.8438 1.4
v 130.7812 9.8438 0.8
v 130.7812 9.8438 1.4
v 130.7812 9.375 0.8
v 130.7812 9.375 1.4
v 131.25 97.0312 0.8
v 131.25 97.0312 1.4
v 131.25 96.5625 0.8
v 131.25 96.5625 1.4
v 131.25 62.3438 0.8
v 131.25 62.3438 1.4
v 131.25 61.875 0.8
v 131.25 61.875 1.4
v 131.25 9.8438 0.8
v 131.25 9.8438 1.4
v 131.25 9.375 0.8
v 131.25 9.375 1.4
v 131.7188 96.5625 0.8
v 131.7188 96.5625 1.4
v 131.7188 96.0938 0.8
v 131.7188 96.0938 1.4
v 131.7188 62.8125 0.8
v 131.7188 62.8125 1.4
v 131.7188 62.3438 0.8
v 131.7188 62.3438 1.4
v 131.7188 9.375 0.8
v 131.7188 9.375 1.4
v 131.7188 8.9062 0.8
v 131.7188 8.9062 1.4
v 131.7188 0 0.8
v 131.7188 0 1.4
v 132.6562 96.0938 0.8
v 132.6562 96.0938 1.4
v 132.6562 95.625 0.8
v 132.6562 95.625 1.4
v 132.6562 63.2812 0.8
v 132.6562 63.2812 1.4
v 132.6562 62.8125 0.8
v 132.6562 62.8125 1.4
v 132.6562 0 0.8
v 132.6562 0 1.4
v 133.125 95.625 0.8
v 133.125 95.625 1.4
v 133.125 95.1562 0.8
v 133.125 95.1562 1.4
v 133.125 63.75 0.8
v 133.125 63.75 1.4
v 133.125 63.2812 0.8
v 133.125 63.2812 1.4
v 133.125 0 0.8
v 133.125 0 1.4
v 133.5938 95.1562 0.8
v 133.5938 95.1562 1.4
v 133.5938 94.6875 0.8
v 133.5938 94.6875 1.4
v 133.5938 64.2188 0.8
v 133.5938 64.2188 1.4
v 133.5938 63.75 0.8
v 133.5938 63.75 1.4
v 133.5938 0 0.8
v 133.5938 0 1.4
v 134.0625 94.6875 0.8
v 134.0625 94.6875 1.4
v 134.0625 94.2188 0.8
v 134.0625 94.2188 1.4
v 134.0625 64.6875 0.8
v 134.0625 64.6875 1.4
v 134.0625 64.2188 0.8
v 134.0625 64.2188 1.4
v 134.0625 0 0.8
v 134.0625 0 1.4
v 134.5312 94.2188 0.8
v 134.5312 94.2188 1.4
v 134.5312 93.75 0.8
v 134.5312 93.75 1.4
v 134.5312 65.1562 0.8
v 134.5312 65.1562 1.4
v 134.5312 64.6875 0.8
v 134.5312 64.6875 1.4
v 134.5312 0 0.8
v 134.5312 0 1.4
v 135 93.75 0.8
v 135 93.75 1.4
v 135 93.2812 0.8
v 135 93.2812 1.4
v 135 65.625 0.8
v 135 65.625 1.4
v 135 65.1562 0.8
v 135 65.1562 1.4
v 135 0 0.8
v 135 0 1.4
v 135.4688 93.2812 0.8
v 135.4688 93.2812 1.4
v 135.4688 92.8125 0.8
v 135.4688 92.8125 1.4
v 135.4688 66.0938 0.8
v 135.4688 66.0938 1.4
v 135.4688 65.625 0.8
v 135.4688 65.625 1.4
v 135.4688 0 0.8
v 135.4688 0 1.4
v 135.9375 92.8125 0.8
v 135.9375 92.8125 1.4
v 135.9375 92.3438 0.8
v 135.9375 92.3438 1.4
v 135.9375 66.5625 0.8
v 135.9375 66.5625 1.4
v 135.9375 66.0938 0.8
v 135.9375 66.0938 1.4
v 135.9375 0 0.8
v 135.9375 0 1.4
v 136.4062 92.3438 0.8
v 136.4062 92.3438 1.4
v 136.4062 91.875 0.8
v 136.4062 91.875 1.4
v 136.4062 67.0312 0.8
v 136.4062 67.0312 1.4
v 136.4062 66.5625 0.8
v 136.4062 66.5625 1.4
v 136.4062 0 0.8
v 136.4062 0 1.4
v 136.875 91.875 0.8
v 136.875 91.875 1.4
v 136.875 90.9375 0.8
v 136.875 90.9375 1.4
v 136.875 67.9688 0.8
v 136.875 67.9688 1.4
v 136.875 67.0312 0.8
v 136.875 67.0312 1.4
v 136.875 0 0.8
v 136.875 0 1.4
v 137.3438 90.9375 0.8
v 137.3438 90.9375 1.4
v 137.3438 90.4688 0.8
v 137.3438 90.4688 1.4
v 137.3438 68.4375 0.8
v 137.3438 68.4375 1.4
v 137.3438 67.9688 0.8
v 137.3438 67.9688 1.4
v 137.3438 0 0.8
v 137.3438 0 1.4
v 137.8125 90.4688 0.8
v 137.8125 90.4688 1.4
v 137.8125 89.5312 0.8
v 137.8125 89.5312 1.4
v 137.8125 69.375 0.8
v 137.8125 69.375 1.4
v 137.8125 68.4375 0.8
v 137.8125 68.4375 1.4
v 137.8125 0 0.8
v 137.8125 0 1.4
v 138.2812 89.5312 0.8
v 138.2812 89.5312 1.4
v 138.2812 89.0625 0.8
v 138.2812 89.0625 1.4
v 138.2812 69.8438 0.8
v 138.2812 69.8438 1.4
v 138.2812 69.375 0.8
v 138.2812 69.375 1.4
v 138.2812 0 0.8
v 138.2812 0 1.4
v 138.75 89.0625 0.8
v 138.75 89.0625 1.4
v 138.75 88.125 0.8
v 138.75 88.125 1.4
v 138.75 70.7812 0.8
v 138.75 70.7812 1.4
v 138.75 69.8438 0.8
v 138.75 69.8438 1.4
v 138.75 0 0.8
v 138.75 0 1.4
v 139.2188 88.125 0.8
v 139.2188 88.125 1.4
v 139.2188 87.1875 0.8
v 139.2188 87.1875 1.4
v 139.2188 71.7188 0.8
v 139.2188 71.7188 1.4
v 139.2188 70.7812 0.8
v 139.2188 70.7812 1.4
v 139.2188 0 0.8
v 139.2188 0 1.4
v 139.6875 87.1875 0.8
v 139.6875 87.1875 1.4
v 139.6875 85.7812 0.8
v 139.6875 85.7812 1.4
v 139.6875 73.125 0.8
v 139.6875 73.125 1.4
v 139.6875 71.7188 0.8
v 139.6875 71.7188 1.4
v 139.6875 0 0.8
v 139.6875 0 1.4
v 140.1562 85.7812 0.8
v 140.1562 85.7812 1.4
v 140.1562 84.375 0.8
v 140.1562 84.375 1.4
v 140.1562 74.5312 0.8
v 140.1562 74.5312 1.4
v 140.1562 73.125 0.8
v 140.1562 73.125 1.4
v 140.1562 0 0.8
v 140.1562 0 1.4
v 140.625 84.375 0.8
v 140.625 84.375 1.4
v 140.625 82.5 0.8
v 140.625 82.5 1.4
v 140.625 76.4062 0.8
v 140.625 76.4062 1.4
v 140.625 74.5312 0.8
v 140.625 74.5312 1.4
v 140.625 0 0.8
v 140.625 0 1.4
v 141.0938 82.5 0.8
v 141.0938 82.5 1.4
v 141.0938 76.4062 0.8
v 141.0938 76.4062 1.4
v 141.0938 0 0.8
v 141.0938 0 1.4
v 150 112.5 0.8
v 150 112.5 1.4
v 150 105 0.8
v 150 105 1.4
v 150 103.125 0.8
v 150 103.125 1.4
v 150 102.6562 0.8
v 150 102.6562 1.4
v 150 102.1875 0.8
v 150 102.1875 1.4
v 150 101.7188 0.8
v 150 101.7188 1.4
v 150 101.25 0.8
v 150 101.25 1.4
v 150 100.7812 0.8
v 150 100.7812 1.4
v 150 100.3125 0.8
v 150 100.3125 1.4
v 150 99.8438 0.8
v 150 99.8438 1.4
v 150 99.375 0.8
v 150 99.375 1.4
v 150 98.9062 0.8
v 150 98.9062 1.4
v 150 98.4375 0.8
v 150 98.4375 1.4
v 150 97.9688 0.8
v 150 97.9688 1.4
v 150 97.5 0.8
v 150 97.5 1.4
v 150 97.0312 0.8
v 150 97.0312 1.4
v 150 96.5625 0.8
v 150 96.5625 1.4
v 150 96.0938 0.8
v 150 96.0938 1.4
v 150 95.625 0.8
v 150 95.625 1.4
v 150 95.1562 0.8
v 150 95.1562 1.4
v 150 94.6875 0.8
v 150 94.6875 1.4
v 150 94.2188 0.8
v 150 94.2188 1.4
v 150 93.75 0.8
v 150 93.75 1.4
v 150 93.2812 0.8
v 150 93.2812 1.4
v 150 92.8125 0.8
v 150 92.8125 1.4
v 150 92.3438 0.8
v 150 92.3438 1.4
v 150 91.875 0.8
v 150 91.875 1.4
v 150 90.9375 0.8
v 150 90.9375 1.4
v 150 90.4688 0.8
v 150 90.4688 1.4
v 150 89.5312 0.8
v 150 89.5312 1.4
v 150 89.0625 0.8
v 150 89.0625 1.4
v 150 88.125 0.8
v 150 88.125 1.4
v 150 87.1875 0.8
v 150 87.1875 1.4
v 150 85.7812 0.8
v 150 85.7812 1.4
v 150 84.375 0.8
v 150 84.375 1.4
v 150 82.5 0.8
v 150 82.5 1.4
v 150 0 0.8
v 150 0 1.4
# 02_#C8342E_大简 PETG HF 红  #C8342E  extruder 2
v 7.5 105 0.8
v 7.5 105 1.4
v 7.5 51.0938 0.8
v 7.5 51.0938 1.4
v 70.7812 105 0.8
v 70.7812 105 1.4
v 70.7812 51.0938 0.8
v 70.7812 51.0938 1.4
# 03_#D9A441_大简 PETG HF 金  #D9A441  extruder 3
v 79.6875 82.5 0.8
v 79.6875 82.5 1.4
v 79.6875 76.4062 0.8
v 79.6875 76.4062 1.4
v 80.1562 84.375 0.8
v 80.1562 84.375 1.4
v 80.1562 82.5 0.8
v 80.1562 82.5 1.4
v 80.1562 76.4062 0.8
v 80.1562 76.4062 1.4
v 80.1562 74.5312 0.8
v 80.1562 74.5312 1.4
v 80.625 85.7812 0.8
v 80.625 85.7812 1.4
v 80.625 84.375 0.8
v 80.625 84.375 1.4
v 80.625 74.5312 0.8
v 80.625 74.5312 1.4
v 80.625 73.125 0.8
v 80.625 73.125 1.4
v 81.0938 87.1875 0.8
v 81.0938 87.1875 1.4
v 81.0938 85.7812 0.8
v 81.0938 85.7812 1.4
v 81.0938 73.125 0.8
v 81.0938 73.125 1.4
v 81.0938 71.7188 0.8
v 81.0938 71.7188 1.4
v 81.5625 88.125 0.8
v 81.5625 88.125 1.4
v 81.5625 87.1875 0.8
v 81.5625 87.1875 1.4
v 81.5625 71.7188 0.8
v 81.5625 71.7188 1.4
v 81.5625 70.7812 0.8
v 81.5625 70.7812 1.4
v 82.0312 89.0625 0.8
v 82.0312 89.0625 1.4
v 82.0312 88.125 0.8
v 82.0312 88.125 1.4
v 82.0312 70.7812 0.8
v 82.0312 70.7812 1.4
v 82.0312 69.8438 0.8
v 82.0312 69.8438 1.4
v 82.5 89.5312 0.8
v 82.5 89.5312 1.4
v 82.5 89.0625 0.8
v 82.5 89.0625 1.4
v 82.5 69.8438 0.8
v 82.5 69.8438 1.4
v 82.5 69.375 0.8
v 82.5 69.375 1.4
v 82.9688 90.4688 0.8
v 82.9688 90.4688 1.4
v 82.9688 89.5312 0.8
v 82.9688 89.5312 1.4
v 82.9688 69.375 0.8
v 82.9688 69.375 1.4
v 82.9688 68.4375 0.8
v 82.9688 68.4375 1.4
v 83.4375 90.9375 0.8
v 83.4375 90.9375 1.4
v 83.4375 90.4688 0.8
v 83.4375 90.4688 1.4
v 83.4375 68.4375 0.8
v 83.4375 68.4375 1.4
v 83.4375 67.9688 0.8
v 83.4375 67.9688 1.4
v 83.9062 91.875 0.8
v 83.9062 91.875 1.4
v 83.9062 90.9375 0.8
v 83.9062 90.9375 1.4
v 83.9062 67.9688 0.8
v 83.9062 67.9688 1.4
v 83.9062 67.0312 0.8
v 83.9062 67.0312 1.4
v 84.375 92.3438 0.8
v 84.375 92.3438 1.4
v 84.375 91.875 0.8
v 84.375 91.875 1.4
v 84.375 67.0312 0.8
v 84.375 67.0312 1.4
v 84.375 66.5625 0.8
v 84.375 66.5625 1.4
v 84.8438 92.8125 0.8
v 84.8438 92.8125 1.4
v 84.8438 92.3438 0.8
v 84.8438 92.3438 1.4
v 84.8438 66.5625 0.8
v 84.8438 66.5625 1.4
v 84.8438 66.0938 0.8
v 84.8438 66.0938 1.4
v 85.3125 93.2812 0.8
v 85.3125 93.2812 1.4
v 85.3125 92.8125 0.8
v 85.3125 92.8125 1.4
v 85.3125 66.0938 0.8
v 85.3125 66.0938 1.4
v 85.3125 65.625 0.8
v 85.3125 65.625 1.4
v 85.7812 93.75 0.8
v 85.7812 93.75 1.4
v 85.7812 93.2812 0.8
v 85.7812 93.2812 1.4
v 85.7812 65.625 0.8
v 85.7812 65.625 1.4
v 85.7812 65.1562 0.8
v 85.7812 65.1562 1.4
v 86.25 94.2188 0.8
v 86.25 94.2188 1.4
v 86.25 93.75 0.8
v 86.25 93.75 1.4
v 86.25 65.1562 0.8
v 86.25 65.1562 1.4
v 86.25 64.6875 0.8
v 86.25 64.6875 1.4
v 86.7188 94.6875 0.8
v 86.7188 94.6875 1.4
v 86.7188 94.2188 0.8
v 86.7188 94.2188 1.4
v 86.7188 64.6875 0.8
v 86.7188 64.6875 1.4
v 86.7188 64.2188 0.8
v 86.7188 64.2188 1.4
v 87.1875 95.1562 0.8
v 87.1875 95.1562 1.4
v 87.1875 94.6875 0.8
v 87.1875 94.6875 1.4
v 87.1875 64.2188 0.8
v 87.1875 64.2188 1.4
v 87.1875 63.75 0.8
v 87.1875 63.75 1.4
v 87.6562 95.625 0.8
v 87.6562 95.625 1.4
v 87.6562 95.1562 0.8
v 87.6562 95.1562 1.4
v 87.6562 63.75 0.8
v 87.6562 63.75 1.4
v 87.6562 63.2812 0.8
v 87.6562 63.2812 1.4
v 88.125 96.0938 0.8
v 88.125 96.0938 1.4
v 88.125 95.625 0.8
v 88.125 95.625 1.4
v 88.125 63.2812 0.8
v 88.125 63.2812 1.4
v 88.125 62.8125 0.8
v 88.125 62.8125 1.4
v 89.0625 96.5625 0.8
v 89.0625 96.5625 1.4
v 89.0625 96.0938 0.8
v 89.0625 96.0938 1.4
v 89.0625 62.8125 0.8
v 89.0625 62.8125 1.4
v 89.0625 62.3438 0.8
v 89.0625 62.3438 1.4
v 89.5312 97.0312 0.8
v 89.5312 97.0312 1.4
v 89.5312 96.5625 0.8
v 89.5312 96.5625 1.4
v 89.5312 62.3438 0.8
v 89.5312 62.3438 1.4
v 89.5312 61.875 0.8
v 89.5312 61.875 1.4
v 90.4688 97.5 0.8
v 90.4688 97.5 1.4
v 90.4688 97.0312 0.8
v 90.4688 97.0312 1.4
v 90.4688 61.875 0.8
v 90.4688 61.875 1.4
v 90.4688 61.4062 0.8
v 90.4688 61.4062 1.4
v 90.9375 97.9688 0.8
v 90.9375 97.9688 1.4
v 90.9375 97.5 0.8
v 90.9375 97.5 1.4
v 90.9375 61.4062 0.8
v 90.9375 61.4062 1.4
v 90.9375 60.9375 0.8
v 90.9375 60.9375 1.4
v 91.875 98.4375 0.8
v 91.875 98.4375 1.4
v 91.875 97.9688 0.8
v 91.875 97.9688 1.4
v 91.875 60.9375 0.8
v 91.875 60.9375 1.4
v 91.875 60.4688 0.8
v 91.875 60.4688 1.4
v 92.3438 98.9062 0.8
v 92.3438 98.9062 1.4
v 92.3438 98.4375 0.8
v 92.3438 98.4375 1.4
v 92.3438 60.4688 0.8
v 92.3438 60.4688 1.4
v 92.3438 60 0.8
v 92.3438 60 1.4
v 93.2812 99.375 0.8
v 93.2812 99.375 1.4
v 93.2812 98.9062 0.8
v 93.2812 98.9062 1.4
v 93.2812 60 0.8
v 93.2812 60 1.4
v 93.2812 59.5312 0.8
v 93.2812 59.5312 1.4
v 94.2188 99.8438 0.8
v 94.2188 99.8438 1.4
v 94.2188 99.375 0.8
v 94.2188 99.375 1.4
v 94.2188 59.5312 0.8
v 94.2188 59.5312 1.4
v 94.2188 59.0625 0.8
v 94.2188 59.0625 1.4
v 95.1562 100.3125 0.8
v 95.1562 100.3125 1.4
v 95.1562 99.8438 0.8
v 95.1562 99.8438 1.4
v 95.1562 59.0625 0.8
v 95.1562 59.0625 1.4
v 95.1562 58.5938 0.8
v 95.1562 58.5938 1.4
v 96.5625 100.7812 0.8
v 96.5625 100.7812 1.4
v 96.5625 100.3125 0.8
v 96.5625 100.3125 1.4
v 96.5625 58.5938 0.8
v 96.5625 58.5938 1.4
v 96.5625 58.125 0.8
v 96.5625 58.125 1.4
v 97.9688 101.25 0.8
v 97.9688 101.25 1.4
v 97.9688 100.7812 0.8
v 97.9688 100.7812 1.4
v 97.9688 58.125 0.8
v 97.9688 58.125 1.4
v 97.9688 57.6562 0.8
v 97.9688 57.6562 1.4
v 99.375 101.7188 0.8
v 99.375 101.7188 1.4
v 99.375 101.25 0.8
v 99.375 101.25 1.4
v 99.375 57.6562 0.8
v 99.375 57.6562 1.4
v 99.375 57.1875 0.8
v 99.375 57.1875 1.4
v 100.7812 102.1875 0.8
v 100.7812 102.1875 1.4
v 100.7812 101.7188 0.8
v 100.7812 101.7188 1.4
v 100.7812 57.1875 0.8
v 100.7812 57.1875 1.4
v 100.7812 56.7188 0.8
v 100.7812 56.7188 1.4
v 103.125 102.6562 0.8
v 103.125 102.6562 1.4
v 103.125 102.1875 0.8
v 103.125 102.1875 1.4
v 103.125 56.7188 0.8
v 103.125 56.7188 1.4
v 103.125 56.25 0.8
v 103.125 56.25 1.4
v 105.9375 103.125 0.8
v 105.9375 103.125 1.4
v 105.9375 102.6562 0.8
v 105.9375 102.6562 1.4
v 105.9375 56.25 0.8
v 105.9375 56.25 1.4
v 105.9375 55.7812 0.8
v 105.9375 55.7812 1.4
v 114.8438 103.125 0.8
v 114.8438 103.125 1.4
v 114.8438 102.6562 0.8
v 114.8438 102.6562 1.4
v 114.8438 56.25 0.8
v 114.8438 56.25 1.4
v 114.8438 55.7812 0.8
v 114.8438 55.7812 1.4
v 117.6562 102.6562 0.8
v 117.6562 102.6562 1.4
v 117.6562 102.1875 0.8
v 117.6562 102.1875 1.4
v 117.6562 56.7188 0.8
v 117.6562 56.7188 1.4
v 117.6562 56.25 0.8
v 117.6562 56.25 1.4
v 120 102.1875 0.8
v 120 102.1875 1.4
v 120 101.7188 0.8
v 120 101.7188 1.4
v 120 57.1875 0.8
v 120 57.1875 1.4
v 120 56.7188 0.8
v 120 56.7188 1.4
v 121.4062 101.7188 0.8
v 121.4062 101.7188 1.4
v 121.4062 101.25 0.8
v 121.4062 101.25 1.4
v 121.4062 57.6562 0.8
v 121.4062 57.6562 1.4
v 121.4062 57.1875 0.8
v 121.4062 57.1875 1.4
v 122.8125 101.25 0.8
v 122.8125 101.25 1.4
v 122.8125 100.7812 0.8
v 122.8125 100.7812 1.4
v 122.8125 58.125 0.8
v 122.8125 58.125 1.4
v 122.8125 57.6562 0.8
v 122.8125 57.6562 1.4
v 124.2188 100.7812 0.8
v 124.2188 100.7812 1.4
v 124.2188 100.3125 0.8
v 124.2188 100.3125 1.4
v 124.2188 58.5938 0.8
v 124.2188 58.5938 1.4
v 124.2188 58.125 0.8
v 124.2188 58.125 1.4
v 125.625 100.3125 0.8
v 125.625 100.3125 1.4
v 125.625 99.8438 0.8
v 125.625 99.8438 1.4
v 125.625 59.0625 0.8
v 125.625 59.0625 1.4
v 125.625 58.5938 0.8
v 125.625 58.5938 1.4
v 126.5625 99.8438 0.8
v 126.5625 99.8438 1.4
v 126.5625 99.375 0.8
v 126.5625 99.375 1.4
v 126.5625 59.5312 0.8
v 126.5625 59.5312 1.4
v 126.5625 59.0625 0.8
v 126.5625 59.0625 1.4
v 127.5 99.375 0.8
v 127.5 99.375 1.4
v 127.5 98.9062 0.8
v 127.5 98.9062 1.4
v 127.5 60 0.8
v 127.5 60 1.4
v 127.5 59.5312 0.8
v 127.5 59.5312 1.4
v 128.4375 98.9062 0.8
v 128.4375 98.9062 1.4
v 128.4375 98.4375 0.8
v 128.4375 98.4375 1.4
v 128.4375 60.4688 0.8
v 128.4375 60.4688 1.4
v 128.4375 60 0.8
v 128.4375 60 1.4
v 128.9062 98.4375 0.8
v 128.9062 98.4375 1.4
v 128.9062 97.9688 0.8
v 128.9062 97.9688 1.4
v 128.9062 60.9375 0.8
v 128.9062 60.9375 1.4
v 128.9062 60.4688 0.8
v 128.9062 60.4688 1.4
v 129.8438 97.9688 0.8
v 129.8438 97.9688 1.4
v 129.8438 97.5 0.8
v 129.8438 97.5 1.4
v 129.8438 61.4062 0.8
v 129.8438 61.4062 1.4
v 129.8438 60.9375 0.8
v 129.8438 60.9375 1.4
v 130.3125 97.5 0.8
v 130.3125 97.5 1.4
v 130.3125 97.0312 0.8
v 130.3125 97.0312 1.4
v 130.3125 61.875 0.8
v 130.3125 61.875 1.4
v 130.3125 61.4062 0.8
v 130.3125 61.4062 1.4
v 131.25 97.0312 0.8
v 131.25 97.0312 1.4
v 131.25 96.5625 0.8
v 131.25 96.5625 1.4
v 131.25 62.3438 0.8
v 131.25 62.3438 1.4
v 131.25 61.875 0.8
v 131.25 61.875 1.4
v 131.7188 96.5625 0.8
v 131.7188 96.5625 1.4
v 131.7188 96.0938 0.8
v 131.7188 96.0938 1.4
v 131.7188 62.8125 0.8
v 131.7188 62.8125 1.4
v 131.7188 62.3438 0.8
v 131.7188 62.3438 1.4
v 132.6562 96.0938 0.8
v 132.6562 96.0938 1.4
v 132.6562 95.625 0.8
v 132.6562 95.625 1.4
v 132.6562 63.2812 0.8
v 132.6562 63.2812 1.4
v 132.6562 62.8125 0.8
v 132.6562 62.8125 1.4
v 133.125 95.625 0.8
v 133.125 95.625 1.4
v 133.125 95.1562 0.8
v 133.125 95.1562 1.4
v 133.125 63.75 0.8
v 133.125 63.75 1.4
v 133.125 63.2812 0.8
v 133.125 63.2812 1.4
v 133.5938 95.1562 0.8
v 133.5938 95.1562 1.4
v 133.5938 94.6875 0.8
v 133.5938 94.6875 1.4
v 133.5938 64.2188 0.8
v 133.5938 64.2188 1.4
v 133.5938 63.75 0.8
v 133.5938 63.75 1.4
v 134.0625 94.6875 0.8
v 134.0625 94.6875 1.4
v 134.0625 94.2188 0.8
v 134.0625 94.2188 1.4
v 134.0625 64.6875 0.8
v 134.0625 64.6875 1.4
v 134.0625 64.2188 0.8
v 134.0625 64.2188 1.4
v 134.5312 94.2188 0.8
v 134.5312 94.2188 1.4
v 134.5312 93.75 0.8
v 134.5312 93.75 1.4
v 134.5312 65.1562 0.8
v 134.5312 65.1562 1.4
v 134.5312 64.6875 0.8
v 134.5312 64.6875 1.4
v 135 93.75 0.8
v 135 93.75 1.4
v 135 93.2812 0.8
v 135 93.2812 1.4
v 135 65.625 0.8
v 135 65.625 1.4
v 135 65.1562 0.8
v 135 65.1562 1.4
v 135.4688 93.2812 0.8
v 135.4688 93.2812 1.4
v 135.4688 92.8125 0.8
v 135.4688 92.8125 1.4
v 135.4688 66.0938 0.8
v 135.4688 66.0938 1.4
v 135.4688 65.625 0.8
v 135.4688 65.625 1.4
v 135.9375 92.8125 0.8
v 135.9375 92.8125 1.4
v 135.9375 92.3438 0.8
v 135.9375 92.3438 1.4
v 135.9375 66.5625 0.8
v 135.9375 66.5625 1.4
v 135.9375 66.0938 0.8
v 135.9375 66.0938 1.4
v 136.4062 92.3438 0.8
v 136.4062 92.3438 1.4
v 136.4062 91.875 0.8
v 136.4062 91.875 1.4
v 136.4062 67.0312 0.8
v 136.4062 67.0312 1.4
v 136.4062 66.5625 0.8
v 136.4062 66.5625 1.4
v 136.875 91.875 0.8
v 136.875 91.875 1.4
v 136.875 90.9375 0.8
v 136.875 90.9375 1.4
v 136.875 67.9688 0.8
v 136.875 67.9688 1.4
v 136.875 67.0312 0.8
v 136.875 67.0312 1.4
v 137.3438 90.9375 0.8
v 137.3438 90.9375 1.4
v 137.3438 90.4688 0.8
v 137.3438 90.4688 1.4
v 137.3438 68.4375 0.8
v 137.3438 68.4375 1.4
v 137.3438 67.9688 0.8
v 137.3438 67.9688 1.4
v 137.8125 90.4688 0.8
v 137.8125 90.4688 1.4
v 137.8125 89.5312 0.8
v 137.8125 89.5312 1.4
v 137.8125 69.375 0.8
v 137.8125 69.375 1.4
v 137.8125 68.4375 0.8
v 137.8125 68.4375 1.4
v 138.2812 89.5312 0.8
v 138.2812 89.5312 1.4
v 138.2812 89.0625 0.8
v 138.2812 89.0625 1.4
v 138.2812 69.8438 0.8
v 138.2812 69.8438 1.4
v 138.2812 69.375 0.8
v 138.2812 69.375 1.4
v 138.75 89.0625 0.8
v 138.75 89.0625 1.4
v 138.75 88.125 0.8
v 138.75 88.125 1.4
v 138.75 70.7812 0.8
v 138.75 70.7812 1.4
v 138.75 69.8438 0.8
v 138.75 69.8438 1.4
v 139.2188 88.125 0.8
v 139.2188 88.125 1.4
v 139.2188 87.1875 0.8
v 139.2188 87.1875 1.4
v 139.2188 71.7188 0.8
v 139.2188 71.7188 1.4
v 139.2188 70.7812 0.8
v 139.2188 70.7812 1.4
v 139.6875 87.1875 0.8
v 139.6875 87.1875 1.4
v 139.6875 85.7812 0.8
v 139.6875 85.7812 1.4
v 139.6875 73.125 0.8
v 139.6875 73.125 1.4
v 139.6875 71.7188 0.8
v 139.6875 71.7188 1.4
v 140.1562 85.7812 0.8
v 140.1562 85.7812 1.4
v 140.1562 84.375 0.8
v 140.1562 84.375 1.4
v 140.1562 74.5312 0.8
v 140.1562 74.5312 1.4
v 140.1562 73.125 0.8
v 140.1562 73.125 1.4
v 140.625 84.375 0.8
v 140.625 84.375 1.4
v 140.625 82.5 0.8
v 140.625 82.5 1.4
v 140.625 76.4062 0.8
v 140.625 76.4062 1.4
v 140.625 74.5312 0.8
v 140.625 74.5312 1.4
v 141.0938 82.5 0.8
v 141.0938 82.5 1.4
v 141.0938 76.4062 0.8
v 141.0938 76.4062 1.4
# 04_#2FA8B8_大简 PETG HF 青  #2FA8B8  extruder 4
v 18.75 9.375 0.8
v 18.75 9.375 1.4
v 18.75 8.9062 0.8
v 18.75 8.9062 1.4
v 19.6875 9.8438 0.8
v 19.6875 9.8438 1.4
v 19.6875 9.375 0.8
v 19.6875 9.375 1.4
v 19.6875 8.9062 0.8
v 19.6875 8.9062 1.4
v 20.1562 10.3125 0.8
v 20.1562 10.3125 1.4
v 20.1562 9.8438 0.8
v 20.1562 9.8438 1.4
v 20.1562 8.9062 0.8
v 20.1562 8.9062 1.4
v 21.0938 10.7812 0.8
v 21.0938 10.7812 1.4
v 21.0938 10.3125 0.8
v 21.0938 10.3125 1.4
v 21.0938 8.9062 0.8
v 21.0938 8.9062 1.4
v 22.0312 11.25 0.8
v 22.0312 11.25 1.4
v 22.0312 10.7812 0.8
v 22.0312 10.7812 1.4
v 22.0312 8.9062 0.8
v 22.0312 8.9062 1.4
v 22.9688 11.7188 0.8
v 22.9688 11.7188 1.4
v 22.9688 11.25 0.8
v 22.9688 11.25 1.4
v 22.9688 8.9062 0.8
v 22.9688 8.9062 1.4
v 23.4375 12.1875 0.8
v 23.4375 12.1875 1.4
v 23.4375 11.7188 0.8
v 23.4375 11.7188 1.4
v 23.4375 8.9062 0.8
v 23.4375 8.9062 1.4
v 24.375 12.6562 0.8
v 24.375 12.6562 1.4
v 24.375 12.1875 0.8
v 24.375 12.1875 1.4
v 24.375 8.9062 0.8
v 24.375 8.9062 1.4
v 25.3125 13.125 0.8
v 25.3125 13.125 1.4
v 25.3125 12.6562 0.8
v 25.3125 12.6562 1.4
v 25.3125 8.9062 0.8
v 25.3125 8.9062 1.4
v 25.7812 13.5938 0.8
v 25.7812 13.5938 1.4
v 25.7812 13.125 0.8
v 25.7812 13.125 1.4
v 25.7812 8.9062 0.8
v 25.7812 8.9062 1.4
v 26.7188 14.0625 0.8
v 26.7188 14.0625 1.4
v 26.7188 13.5938 0.8
v 26.7188 13.5938 1.4
v 26.7188 8.9062 0.8
v 26.7188 8.9062 1.4
v 27.6562 14.5312 0.8
v 27.6562 14.5312 1.4
v 27.6562 14.0625 0.8
v 27.6562 14.0625 1.4
v 27.6562 8.9062 0.8
v 27.6562 8.9062 1.4
v 28.5938 15 0.8
v 28.5938 15 1.4
v 28.5938 14.5312 0.8
v 28.5938 14.5312 1.4
v 28.5938 8.9062 0.8
v 28.5938 8.9062 1.4
v 29.0625 15.4688 0.8
v 29.0625 15.4688 1.4
v 29.0625 15 0.8
v 29.0625 15 1.4
v 29.0625 8.9062 0.8
v 29.0625 8.9062 1.4
v 30 15.9375 0.8
v 30 15.9375 1.4
v 30 15.4688 0.8
v 30 15.4688 1.4
v 30 8.9062 0.8
v 30 8.9062 1.4
v 30.9375 16.4062 0.8
v 30.9375 16.4062 1.4
v 30.9375 15.9375 0.8
v 30.9375 15.9375 1.4
v 30.9375 8.9062 0.8
v 30.9375 8.9062 1.4
v 31.4062 16.875 0.8
v 31.4062 16.875 1.4
v 31.4062 16.4062 0.8
v 31.4062 16.4062 1.4
v 31.4062 8.9062 0.8
v 31.4062 8.9062 1.4
v 32.3438 17.3438 0.8
v 32.3438 17.3438 1.4
v 32.3438 16.875 0.8
v 32.3438 16.875 1.4
v 32.3438 8.9062 0.8
v 32.3438 8.9062 1.4
v 33.2812 17.8125 0.8
v 33.2812 17.8125 1.4
v 33.2812 17.3438 0.8
v 33.2812 17.3438 1.4
v 33.2812 8.9062 0.8
v 33.2812 8.9062 1.4
v 34.2188 18.2812 0.8
v 34.2188 18.2812 1.4
v 34.2188 17.8125 0.8
v 34.2188 17.8125 1.4
v 34.2188 8.9062 0.8
v 34.2188 8.9062 1.4
v 34.6875 18.75 0.8
v 34.6875 18.75 1.4
v 34.6875 18.2812 0.8
v 34.6875 18.2812 1.4
v 34.6875 8.9062 0.8
v 34.6875 8.9062 1.4
v 35.625 19.2188 0.8
v 35.625 19.2188 1.4
v 35.625 18.75 0.8
v 35.625 18.75 1.4
v 35.625 8.9062 0.8
v 35.625 8.9062 1.4
v 36.5625 19.6875 0.8
v 36.5625 19.6875 1.4
v 36.5625 19.2188 0.8
v 36.5625 19.2188 1.4
v 36.5625 8.9062 0.8
v 36.5625 8.9062 1.4
v 37.0312 20.1562 0.8
v 37.0312 20.1562 1.4
v 37.0312 19.6875 0.8
v 37.0312 19.6875 1.4
v 37.0312 8.9062 0.8
v 37.0312 8.9062 1.4
v 37.9688 20.625 0.8
v 37.9688 20.625 1.4
v 37.9688 20.1562 0.8
v 37.9688 20.1562 1.4
v 37.9688 8.9062 0.8
v 37.9688 8.9062 1.4
v 38.9062 21.0938 0.8
v 38.9062 21.0938 1.4
v 38.9062 20.625 0.8
v 38.9062 20.625 1.4
v 38.9062 8.9062 0.8
v 38.9062 8.9062 1.4
v 39.8438 21.5625 0.8
v 39.8438 21.5625 1.4
v 39.8438 21.0938 0.8
v 39.8438 21.0938 1.4
v 39.8438 8.9062 0.8
v 39.8438 8.9062 1.4
v 40.3125 22.0312 0.8
v 40.3125 22.0312 1.4
v 40.3125 21.5625 0.8
v 40.3125 21.5625 1.4
v 40.3125 8.9062 0.8
v 40.3125 8.9062 1.4
v 41.25 22.5 0.8
v 41.25 22.5 1.4
v 41.25 22.0312 0.8
v 41.25 22.0312 1.4
v 41.25 8.9062 0.8
v 41.25 8.9062 1.4
v 42.1875 22.9688 0.8
v 42.1875 22.9688 1.4
v 42.1875 22.5 0.8
v 42.1875 22.5 1.4
v 42.1875 8.9062 0.8
v 42.1875 8.9062 1.4
v 42.6562 23.4375 0.8
v 42.6562 23.4375 1.4
v 42.6562 22.9688 0.8
v 42.6562 22.9688 1.4
v 42.6562 8.9062 0.8
v 42.6562 8.9062 1.4
v 43.5938 23.9062 0.8
v 43.5938 23.9062 1.4
v 43.5938 23.4375 0.8
v 43.5938 23.4375 1.4
v 43.5938 8.9062 0.8
v 43.5938 8.9062 1.4
v 44.5312 24.375 0.8
v 44.5312 24.375 1.4
v 44.5312 23.9062 0.8
v 44.5312 23.9062 1.4
v 44.5312 8.9062 0.8
v 44.5312 8.9062 1.4
v 45.4688 24.8438 0.8
v 45.4688 24.8438 1.4
v 45.4688 24.375 0.8
v 45.4688 24.375 1.4
v 45.4688 8.9062 0.8
v 45.4688 8.9062 1.4
v 45.9375 25.3125 0.8
v 45.9375 25.3125 1.4
v 45.9375 24.8438 0.8
v 45.9375 24.8438 1.4
v 45.9375 8.9062 0.8
v 45.9375 8.9062 1.4
v 46.875 25.7812 0.8
v 46.875 25.7812 1.4
v 46.875 25.3125 0.8
v 46.875 25.3125 1.4
v 46.875 8.9062 0.8
v 46.875 8.9062 1.4
v 47.8125 26.25 0.8
v 47.8125 26.25 1.4
v 47.8125 25.7812 0.8
v 47.8125 25.7812 1.4
v 47.8125 8.9062 0.8
v 47.8125 8.9062 1.4
v 48.2812 26.7188 0.8
v 48.2812 26.7188 1.4
v 48.2812 26.25 0.8
v 48.2812 26.25 1.4
v 48.2812 8.9062 0.8
v 48.2812 8.9062 1.4
v 49.2188 27.1875 0.8
v 49.2188 27.1875 1.4
v 49.2188 26.7188 0.8
v 49.2188 26.7188 1.4
v 49.2188 8.9062 0.8
v 49.2188 8.9062 1.4
v 50.1562 27.6562 0.8
v 50.1562 27.6562 1.4
v 50.1562 27.1875 0.8
v 50.1562 27.1875 1.4
v 50.1562 8.9062 0.8
v 50.1562 8.9062 1.4
v 51.0938 28.125 0.8
v 51.0938 28.125 1.4
v 51.0938 27.6562 0.8
v 51.0938 27.6562 1.4
v 51.0938 8.9062 0.8
v 51.0938 8.9062 1.4
v 51.5625 28.5938 0.8
v 51.5625 28.5938 1.4
v 51.5625 28.125 0.8
v 51.5625 28.125 1.4
v 51.5625 8.9062 0.8
v 51.5625 8.9062 1.4
v 52.5 29.0625 0.8
v 52.5 29.0625 1.4
v 52.5 28.5938 0.8
v 52.5 28.5938 1.4
v 52.5 8.9062 0.8
v 52.5 8.9062 1.4
v 53.4375 50.625 0.8
v 53.4375 50.625 1.4
v 53.4375 44.0625 0.8
v 53.4375 44.0625 1.4
v 53.4375 29.5312 0.8
v 53.4375 29.5312 1.4
v 53.4375 29.0625 0.8
v 53.4375 29.0625 1.4
v 53.4375 8.9062 0.8
v 53.4375 8.9062 1.4
v 53.9062 30 0.8
v 53.9062 30 1.4
v 53.9062 29.5312 0.8
v 53.9062 29.5312 1.4
v 53.9062 8.9062 0.8
v 53.9062 8.9062 1.4
v 54.8438 30.4688 0.8
v 54.8438 30.4688 1.4
v 54.8438 30 0.8
v 54.8438 30 1.4
v 54.8438 8.9062 0.8
v 54.8438 8.9062 1.4
v 55.7812 30.9375 0.8
v 55.7812 30.9375 1.4
v 55.7812 30.4688 0.8
v 55.7812 30.4688 1.4
v 55.7812 8.9062 0.8
v 55.7812 8.9062 1.4
v 56.7188 31.4062 0.8
v 56.7188 31.4062 1.4
v 56.7188 30.9375 0.8
v 56.7188 30.9375 1.4
v 56.7188 8.9062 0.8
v 56.7188 8.9062 1.4
v 57.1875 31.875 0.8
v 57.1875 31.875 1.4
v 57.1875 31.4062 0.8
v 57.1875 31.4062 1.4
v 57.1875 8.9062 0.8
v 57.1875 8.9062 1.4
v 58.125 32.3438 0.8
v 58.125 32.3438 1.4
v 58.125 31.875 0.8
v 58.125 31.875 1.4
v 58.125 8.9062 0.8
v 58.125 8.9062 1.4
v 59.0625 32.8125 0.8
v 59.0625 32.8125 1.4
v 59.0625 32.3438 0.8
v 59.0625 32.3438 1.4
v 59.0625 8.9062 0.8
v 59.0625 8.9062 1.4
v 59.5312 33.2812 0.8
v 59.5312 33.2812 1.4
v 59.5312 32.8125 0.8
v 59.5312 32.8125 1.4
v 59.5312 8.9062 0.8
v 59.5312 8.9062 1.4
v 60.4688 33.75 0.8
v 60.4688 33.75 1.4
v 60.4688 33.2812 0.8
v 60.4688 33.2812 1.4
v 60.4688 8.9062 0.8
v 60.4688 8.9062 1.4
v 61.4062 34.2188 0.8
v 61.4062 34.2188 1.4
v 61.4062 33.75 0.8
v 61.4062 33.75 1.4
v 61.4062 8.9062 0.8
v 61.4062 8.9062 1.4
v 62.3438 34.6875 0.8
v 62.3438 34.6875 1.4
v 62.3438 34.2188 0.8
v 62.3438 34.2188 1.4
v 62.3438 8.9062 0.8
v 62.3438 8.9062 1.4
v 62.8125 35.1562 0.8
v 62.8125 35.1562 1.4
v 62.8125 34.6875 0.8
v 62.8125 34.6875 1.4
v 62.8125 8.9062 0.8
v 62.8125 8.9062 1.4
v 63.75 35.625 0.8
v 63.75 35.625 1.4
v 63.75 35.1562 0.8
v 63.75 35.1562 1.4
v 63.75 8.9062 0.8
v 63.75 8.9062 1.4
v 64.6875 36.0938 0.8
v 64.6875 36.0938 1.4
v 64.6875 35.625 0.8
v 64.6875 35.625 1.4
v 64.6875 8.9062 0.8
v 64.6875 8.9062 1.4
v 65.1562 36.5625 0.8
v 65.1562 36.5625 1.4
v 65.1562 36.0938 0.8
v 65.1562 36.0938 1.4
v 65.1562 8.9062 0.8
v 65.1562 8.9062 1.4
v 66.0938 37.0312 0.8
v 66.0938 37.0312 1.4
v 66.0938 36.5625 0.8
v 66.0938 36.5625 1.4
v 66.0938 8.9062 0.8
v 66.0938 8.9062 1.4
v 67.0312 37.5 0.8
v 67.0312 37.5 1.4
v 67.0312 37.0312 0.8
v 67.0312 37.0312 1.4
v 67.0312 8.9062 0.8
v 67.0312 8.9062 1.4
v 67.9688 37.9688 0.8
v 67.9688 37.9688 1.4
v 67.9688 37.5 0.8
v 67.9688 37.5 1.4
v 67.9688 8.9062 0.8
v 67.9688 8.9062 1.4
v 68.4375 38.4375 0.8
v 68.4375 38.4375 1.4
v 68.4375 37.9688 0.8
v 68.4375 37.9688 1.4
v 68.4375 8.9062 0.8
v 68.4375 8.9062 1.4
v 69.375 38.9062 0.8
v 69.375 38.9062 1.4
v 69.375 38.4375 0.8
v 69.375 38.4375 1.4
v 69.375 8.9062 0.8
v 69.375 8.9062 1.4
v 70.3125 39.375 0.8
v 70.3125 39.375 1.4
v 70.3125 38.9062 0.8
v 70.3125 38.9062 1.4
v 70.3125 8.9062 0.8
v 70.3125 8.9062 1.4
v 70.7812 39.8438 0.8
v 70.7812 39.8438 1.4
v 70.7812 39.375 0.8
v 70.7812 39.375 1.4
v 70.7812 8.9062 0.8
v 70.7812 8.9062 1.4
v 71.7188 40.3125 0.8
v 71.7188 40.3125 1.4
v 71.7188 39.8438 0.8
v 71.7188 39.8438 1.4
v 71.7188 8.9062 0.8
v 71.7188 8.9062 1.4
v 72.6562 40.7812 0.8
v 72.6562 40.7812 1.4
v 72.6562 40.3125 0.8
v 72.6562 40.3125 1.4
v 72.6562 8.9062 0.8
v 72.6562 8.9062 1.4
v 73.5938 41.25 0.8
v 73.5938 41.25 1.4
v 73.5938 40.7812 0.8
v 73.5938 40.7812 1.4
v 73.5938 8.9062 0.8
v 73.5938 8.9062 1.4
v 74.0625 41.7188 0.8
v 74.0625 41.7188 1.4
v 74.0625 41.25 0.8
v 74.0625 41.25 1.4
v 74.0625 8.9062 0.8
v 74.0625 8.9062 1.4
v 75 42.1875 0.8
v 75 42.1875 1.4
v 75 41.7188 0.8
v 75 41.7188 1.4
v 75 8.9062 0.8
v 75 8.9062 1.4
v 75.4688 42.1875 0.8
v 75.4688 42.1875 1.4
v 75.4688 41.7188 0.8
v 75.4688 41.7188 1.4
v 75.4688 8.9062 0.8
v 75.4688 8.9062 1.4
v 76.4062 41.7188 0.8
v 76.4062 41.7188 1.4
v 76.4062 41.25 0.8
v 76.4062 41.25 1.4
v 76.4062 8.9062 0.8
v 76.4062 8.9062 1.4
v 76.875 41.25 0.8
v 76.875 41.25 1.4
v 76.875 40.7812 0.8
v 76.875 40.7812 1.4
v 76.875 8.9062 0.8
v 76.875 8.9062 1.4
v 77.8125 40.7812 0.8
v 77.8125 40.7812 1.4
v 77.8125 40.3125 0.8
v 77.8125 40.3125 1.4
v 77.8125 8.9062 0.8
v 77.8125 8.9062 1.4
v 78.75 40.3125 0.8
v 78.75 40.3125 1.4
v 78.75 39.8438 0.8
v 78.75 39.8438 1.4
v 78.75 8.9062 0.8
v 78.75 8.9062 1.4
v 79.6875 39.8438 0.8
v 79.6875 39.8438 1.4
v 79.6875 39.375 0.8
v 79.6875 39.375 1.4
v 79.6875 8.9062 0.8
v 79.6875 8.9062 1.4
v 80.1562 39.375 0.8
v 80.1562 39.375 1.4
v 80.1562 38.9062 0.8
v 80.1562 38.9062 1.4
v 80.1562 8.9062 0.8
v 80.1562 8.9062 1.4
v 81.0938 38.9062 0.8
v 81.0938 38.9062 1.4
v 81.0938 38.4375 0.8
v 81.0938 38.4375 1.4
v 81.0938 8.9062 0.8
v 81.0938 8.9062 1.4
v 82.0312 38.4375 0.8
v 82.0312 38.4375 1.4
v 82.0312 37.9688 0.8
v 82.0312 37.9688 1.4
v 82.0312 8.9062 0.8
v 82.0312 8.9062 1.4
v 82.5 37.9688 0.8
v 82.5 37.9688 1.4
v 82.5 37.5 0.8
v 82.5 37.5 1.4
v 82.5 8.9062 0.8
v 82.5 8.9062 1.4
v 83.4375 37.5 0.8
v 83.4375 37.5 1.4
v 83.4375 37.0312 0.8
v 83.4375 37.0312 1.4
v 83.4375 8.9062 0.8
v 83.4375 8.9062 1.4
v 84.375 37.0312 0.8
v 84.375 37.0312 1.4
v 84.375 36.5625 0.8
v 84.375 36.5625 1.4
v 84.375 8.9062 0.8
v 84.375 8.9062 1.4
v 85.3125 36.5625 0.8
v 85.3125 36.5625 1.4
v 85.3125 36.0938 0.8
v 85.3125 36.0938 1.4
v 85.3125 8.9062 0.8
v 85.3125 8.9062 1.4
v 85.7812 36.0938 0.8
v 85.7812 36.0938 1.4
v 85.7812 35.625 0.8
v 85.7812 35.625 1.4
v 85.7812 8.9062 0.8
v 85.7812 8.9062 1.4
v 86.7188 35.625 0.8
v 86.7188 35.625 1.4
v 86.7188 35.1562 0.8
v 86.7188 35.1562 1.4
v 86.7188 8.9062 0.8
v 86.7188 8.9062 1.4
v 87.6562 35.1562 0.8
v 87.6562 35.1562 1.4
v 87.6562 34.6875 0.8
v 87.6562 34.6875 1.4
v 87.6562 8.9062 0.8
v 87.6562 8.9062 1.4
v 88.125 34.6875 0.8
v 88.125 34.6875 1.4
v 88.125 34.2188 0.8
v 88.125 34.2188 1.4
v 88.125 8.9062 0.8
v 88.125 8.9062 1.4
v 89.0625 34.2188 0.8
v 89.0625 34.2188 1.4
v 89.0625 33.75 0.8
v 89.0625 33.75 1.4
v 89.0625 8.9062 0.8
v 89.0625 8.9062 1.4
v 90 33.75 0.8
v 90 33.75 1.4
v 90 33.2812 0.8
v 90 33.2812 1.4
v 90 8.9062 0.8
v 90 8.9062 1.4
v 90.9375 33.2812 0.8
v 90.9375 33.2812 1.4
v 90.9375 32.8125 0.8
v 90.9375 32.8125 1.4
v 90.9375 8.9062 0.8
v 90.9375 8.9062 1.4
v 91.4062 32.8125 0.8
v 91.4062 32.8125 1.4
v 91.4062 32.3438 0.8
v 91.4062 32.3438 1.4
v 91.4062 8.9062 0.8
v 91.4062 8.9062 1.4
v 92.3438 32.3438 0.8
v 92.3438 32.3438 1.4
v 92.3438 31.875 0.8
v 92.3438 31.875 1.4
v 92.3438 8.9062 0.8
v 92.3438 8.9062 1.4
v 93.2812 31.875 0.8
v 93.2812 31.875 1.4
v 93.2812 31.4062 0.8
v 93.2812 31.4062 1.4
v 93.2812 8.9062 0.8
v 93.2812 8.9062 1.4
v 93.75 31.4062 0.8
v 93.75 31.4062 1.4
v 93.75 30.9375 0.8
v 93.75 30.9375 1.4
v 93.75 8.9062 0.8
v 93.75 8.9062 1.4
v 94.6875 30.9375 0.8
v 94.6875 30.9375 1.4
v 94.6875 30.4688 0.8
v 94.6875 30.4688 1.4
v 94.6875 8.9062 0.8
v 94.6875 8.9062 1.4
v 95.625 30.4688 0.8
v 95.625 30.4688 1.4
v 95.625 30 0.8
v 95.625 30 1.4
v 95.625 8.9062 0.8
v 95.625 8.9062 1.4
v 96.5625 30 0.8
v 96.5625 30 1.4
v 96.5625 29.5312 0.8
v 96.5625 29.5312 1.4
v 96.5625 8.9062 0.8
v 96.5625 8.9062 1.4
v 97.0312 29.5312 0.8
v 97.0312 29.5312 1.4
v 97.0312 29.0625 0.8
v 97.0312 29.0625 1.4
v 97.0312 8.9062 0.8
v 97.0312 8.9062 1.4
v 97.9688 29.0625 0.8
v 97.9688 29.0625 1.4
v 97.9688 28.5938 0.8
v 97.9688 28.5938 1.4
v 97.9688 8.9062 0.8
v 97.9688 8.9062 1.4
v 98.9062 28.5938 0.8
v 98.9062 28.5938 1.4
v 98.9062 28.125 0.8
v 98.9062 28.125 1.4
v 98.9062 8.9062 0.8
v 98.9062 8.9062 1.4
v 99.375 50.625 0.8
v 99.375 50.625 1.4
v 99.375 44.0625 0.8
v 99.375 44.0625 1.4
v 99.375 28.125 0.8
v 99.375 28.125 1.4
v 99.375 27.6562 0.8
v 99.375 27.6562 1.4
v 99.375 8.9062 0.8
v 99.375 8.9062 1.4
v 100.3125 27.6562 0.8
v 100.3125 27.6562 1.4
v 100.3125 27.1875 0.8
v 100.3125 27.1875 1.4
v 100.3125 8.9062 0.8
v 100.3125 8.9062 1.4
v 101.25 27.1875 0.8
v 101.25 27.1875 1.4
v 101.25 26.7188 0.8
v 101.25 26.7188 1.4
v 101.25 8.9062 0.8
v 101.25 8.9062 1.4
v 102.1875 26.7188 0.8
v 102.1875 26.7188 1.4
v 102.1875 26.25 0.8
v 102.1875 26.25 1.4
v 102.1875 8.9062 0.8
v 102.1875 8.9062 1.4
v 102.6562 26.25 0.8
v 102.6562 26.25 1.4
v 102.6562 25.7812 0.8
v 102.6562 25.7812 1.4
v 102.6562 8.9062 0.8
v 102.6562 8.9062 1.4
v 103.5938 25.7812 0.8
v 103.5938 25.7812 1.4
v 103.5938 25.3125 0.8
v 103.5938 25.3125 1.4
v 103.5938 8.9062 0.8
v 103.5938 8.9062 1.4
v 104.5312 25.3125 0.8
v 104.5312 25.3125 1.4
v 104.5312 24.8438 0.8
v 104.5312 24.8438 1.4
v 104.5312 8.9062 0.8
v 104.5312 8.9062 1.4
v 105 24.8438 0.8
v 105 24.8438 1.4
v 105 24.375 0.8
v 105 24.375 1.4
v 105 8.9062 0.8
v 105 8.9062 1.4
v 105.9375 24.375 0.8
v 105.9375 24.375 1.4
v 105.9375 23.9062 0.8
v 105.9375 23.9062 1.4
v 105.9375 8.9062 0.8
v 105.9375 8.9062 1.4
v 106.875 23.9062 0.8
v 106.875 23.9062 1.4
v 106.875 23.4375 0.8
v 106.875 23.4375 1.4
v 106.875 8.9062 0.8
v 106.875 8.9062 1.4
v 107.8125 23.4375 0.8
v 107.8125 23.4375 1.4
v 107.8125 22.9688 0.8
v 107.8125 22.9688 1.4
v 107.8125 8.9062 0.8
v 107.8125 8.9062 1.4
v 108.2812 22.9688 0.8
v 108.2812 22.9688 1.4
v 108.2812 22.5 0.8
v 108.2812 22.5 1.4
v 108.2812 8.9062 0.8
v 108.2812 8.9062 1.4
v 109.2188 22.5 0.8
v 109.2188 22.5 1.4
v 109.2188 22.0312 0.8
v 109.2188 22.0312 1.4
v 109.2188 8.9062 0.8
v 109.2188 8.9062 1.4
v 110.1562 22.0312 0.8
v 110.1562 22.0312 1.4
v 110.1562 21.5625 0.8
v 110.1562 21.5625 1.4
v 110.1562 8.9062 0.8
v 110.1562 8.9062 1.4
v 110.625 21.5625 0.8
v 110.625 21.5625 1.4
v 110.625 21.0938 0.8
v 110.625 21.0938 1.4
v 110.625 8.9062 0.8
v 110.625 8.9062 1.4
v 111.5625 21.0938 0.8
v 111.5625 21.0938 1.4
v 111.5625 20.625 0.8
v 111.5625 20.625 1.4
v 111.5625 8.9062 0.8
v 111.5625 8.9062 1.4
v 112.5 20.625 0.8
v 112.5 20.625 1.4
v 112.5 20.1562 0.8
v 112.5 20.1562 1.4
v 112.5 8.9062 0.8
v 112.5 8.9062 1.4
v 113.4375 20.1562 0.8
v 113.4375 20.1562 1.4
v 113.4375 19.6875 0.8
v 113.4375 19.6875 1.4
v 113.4375 8.9062 0.8
v 113.4375 8.9062 1.4
v 113.9062 19.6875 0.8
v 113.9062 19.6875 1.4
v 113.9062 19.2188 0.8
v 113.9062 19.2188 1.4
v 113.9062 8.9062 0.8
v 113.9062 8.9062 1.4
v 114.8438 19.2188 0.8
v 114.8438 19.2188 1.4
v 114.8438 18.75 0.8
v 114.8438 18.75 1.4
v 114.8438 8.9062 0.8
v 114.8438 8.9062 1.4
v 115.7812 18.75 0.8
v 115.7812 18.75 1.4
v 115.7812 18.2812 0.8
v 115.7812 18.2812 1.4
v 115.7812 8.9062 0.8
v 115.7812 8.9062 1.4
v 116.25 18.2812 0.8
v 116.25 18.2812 1.4
v 116.25 17.8125 0.8
v 116.25 17.8125 1.4
v 116.25 8.9062 0.8
v 116.25 8.9062 1.4
v 117.1875 17.8125 0.8
v 117.1875 17.8125 1.4
v 117.1875 17.3438 0.8
v 117.1875 17.3438 1.4
v 117.1875 8.9062 0.8
v 117.1875 8.9062 1.4
v 118.125 17.3438 0.8
v 118.125 17.3438 1.4
v 118.125 16.875 0.8
v 118.125 16.875 1.4
v 118.125 8.9062 0.8
v 118.125 8.9062 1.4
v 119.0625 16.875 0.8
v 119.0625 16.875 1.4
v 119.0625 16.4062 0.8
v 119.0625 16.4062 1.4
v 119.0625 8.9062 0.8
v 119.0625 8.9062 1.4
v 119.5312 16.4062 0.8
v 119.5312 16.4062 1.4
v 119.5312 15.9375 0.8
v 119.5312 15.9375 1.4
v 119.5312 8.9062 0.8
v 119.5312 8.9062 1.4
v 120.4688 15.9375 0.8
v 120.4688 15.9375 1.4
v 120.4688 15.4688 0.8
v 120.4688 15.4688 1.4
v 120.4688 8.9062 0.8
v 120.4688 8.9062 1.4
v 121.4062 15.4688 0.8
v 121.4062 15.4688 1.4
v 121.4062 15 0.8
v 121.4062 15 1.4
v 121.4062 8.9062 0.8
v 121.4062 8.9062 1.4
v 121.875 15 0.8
v 121.875 15 1.4
v 121.875 14.5312 0.8
v 121.875 14.5312 1.4
v 121.875 8.9062 0.8
v 121.875 8.9062 1.4
v 122.8125 14.5312 0.8
v 122.8125 14.5312 1.4
v 122.8125 14.0625 0.8
v 122.8125 14.0625 1.4
v 122.8125 8.9062 0.8
v 122.8125 8.9062 1.4
v 123.75 14.0625 0.8
v 123.75 14.0625 1.4
v 123.75 13.5938 0.8
v 123.75 13.5938 1.4
v 123.75 8.9062 0.8
v 123.75 8.9062 1.4
v 124.6875 13.5938 0.8
v 124.6875 13.5938 1.4
v 124.6875 13.125 0.8
v 124.6875 13.125 1.4
v 124.6875 8.9062 0.8
v 124.6875 8.9062 1.4
v 125.1562 13.125 0.8
v 125.1562 13.125 1.4
v 125.1562 12.6562 0.8
v 125.1562 12.6562 1.4
v 125.1562 8.9062 0.8
v 125.1562 8.9062 1.4
v 126.0938 12.6562 0.8
v 126.0938 12.6562 1.4
v 126.0938 12.1875 0.8
v 126.0938 12.1875 1.4
v 126.0938 8.9062 0.8
v 126.0938 8.9062 1.4
v 127.0312 12.1875 0.8
v 127.0312 12.1875 1.4
v 127.0312 11.7188 0.8
v 127.0312 11.7188 1.4
v 127.0312 8.9062 0.8
v 127.0312 8.9062 1.4
v 127.5 11.7188 0.8
v 127.5 11.7188 1.4
v 127.5 11.25 0.8
v 127.5 11.25 1.4
v 127.5 8.9062 0.8
v 127.5 8.9062 1.4
v 128.4375 11.25 0.8
v 128.4375 11.25 1.4
v 128.4375 10.7812 0.8
v 128.4375 10.7812 1.4
v 128.4375 8.9062 0.8
v 128.4375 8.9062 1.4
v 129.375 10.7812 0.8
v 129.375 10.7812 1.4
v 129.375 10.3125 0.8
v 129.375 10.3125 1.4
v 129.375 8.9062 0.8
v 129.375 8.9062 1.4
v 130.3125 10.3125 0.8
v 130.3125 10.3125 1.4
v 130.3125 9.8438 0.8
v 130.3125 9.8438 1.4
v 130.3125 8.9062 0.8
v 130.3125 8.9062 1.4
v 130.7812 9.8438 0.8
v 130.7812 9.8438 1.4
v 130.7812 9.375 0.8
v 130.7812 9.375 1.4
v 130.7812 8.9062 0.8
v 130.7812 8.9062 1.4
v 131.7188 9.375 0.8
v 131.7188 9.375 1.4
v 131.7188 8.9062 0.8
v 131.7188 8.9062 1.4
# 05_#17181C_大简 PETG HF 黑  #17181C  extruder 5
v 7.5 50.625 0.8
v 7.5 50.625 1.4
v 7.5 44.0625 0.8
v 7.5 44.0625 1.4
v 53.4375 50.625 0.8
v 53.4375 50.625 1.4
v 53.4375 44.0625 0.8
v 53.4375 44.0625 1.4
g 底板
usemtl part_01_F2F0EB
f 8 6 2
f 4 8 2
f 5 7 3
f 1 5 3
f 6 5 1
f 2 6 1
f 4 3 7
f 8 4 7
f 2 1 3
f 4 2 3
f 8 7 5
f 6 8 5
g 01__F2F0EB_大简_PETG_HF_白
usemtl part_01_F2F0EB
f 1598 1596 10
f 430 1598 10
f 429 430 10
f 16 429 10
f 15 16 10
f 12 15 10
f 16 15 11
f 429 16 11
f 430 429 11
f 1597 430 11
f 1595 1597 11
f 9 1595 11
f 17 16 12
f 18 17 12
f 19 18 12
f 20 19 12
f 21 20 12
f 22 21 12
f 23 22 12
f 24 23 12
f 25 24 12
f 26 25 12
f 27 26 12
f 28 27 12
f 29 28 12
f 30 29 12
f 31 30 12
f 32 31 12
f 33 32 12
f 34 33 12
f 35 34 12
f 36 35 12
f 37 36 12
f 38 37 12
f 39 38 12
f 40 39 12
f 41 40 12
f 42 41 12
f 43 42 12
f 44 43 12
f 45 44 12
f 46 45 12
f 47 46 12
f 48 47 12
f 49 48 12
f 50 49 12
f 51 50 12
f 52 51 12
f 53 52 12
f 54 53 12
f 55 54 12
f 56 55 12
f 57 56 12
f 58 57 12
f 59 58 12
f 60 59 12
f 61 60 12
f 62 61 12
f 63 62 12
f 64 63 12
f 65 64 12
f 66 65 12
f 67 66 12
f 68 67 12
f 69 68 12
f 70 69 12
f 71 70 12
f 72 71 12
f 73 72 12
f 74 73 12
f 75 74 12
f 76 75 12
f 77 76 12
f 78 77 12
f 79 78 12
f 80 79 12
f 81 80 12
f 82 81 12
f 83 82 12
f 84 83 12
f 85 84 12
f 86 85 12
f 87 86 12
f 88 87 12
f 89 88 12
f 90 89 12
f 91 90 12
f 92 91 12
f 93 92 12
f 94 93 12
f 95 94 12
f 96 95 12
f 97 96 12
f 98 97 12
f 99 98 12
f 100 99 12
f 101 100 12
f 102 101 12
f 103 102 12
f 104 103 12
f 105 104 12
f 106 105 12
f 107 106 12
f 108 107 12
f 109 108 12
f 110 109 12
f 111 110 12
f 112 111 12
f 113 112 12
f 114 113 12
f 115 114 12
f 116 115 12
f 117 116 12
f 118 117 12
f 119 118 12
f 120 119 12
f 121 120 12
f 122 121 12
f 123 122 12
f 124 123 12
f 125 124 12
f 126 125 12
f 127 126 12
f 128 127 12
f 129 128 12
f 130 129 12
f 131 130 12
f 132 131 12
f 133 132 12
f 134 133 12
f 135 134 12
f 136 135 12
f 137 136 12
f 138 137 12
f 139 138 12
f 140 139 12
f 141 140 12
f 142 141 12
f 143 142 12
f 144 143 12
f 145 144 12
f 146 145 12
f 147 146 12
f 148 147 12
f 149 148 12
f 150 149 12
f 151 150 12
f 152 151 12
f 153 152 12
f 154 153 12
f 155 154 12
f 156 155 12
f 157 156 12
f 158 157 12
f 159 158 12
f 160 159 12
f 161 160 12
f 162 161 12
f 163 162 12
f 164 163 12
f 166 164 12
f 14 166 12
f 164 165 13
f 163 164 13
f 162 163 13
f 161 162 13
f 160 161 13
f 159 160 13
f 158 159 13
f 157 158 13
f 156 157 13
f 155 156 13
f 154 155 13
f 153 154 13
f 152 153 13
f 151 152 13
f 150 151 13
f 149 150 13
f 148 149 13
f 147 148 13
f 146 147 13
f 145 146 13
f 144 145 13
f 143 144 13
f 142 143 13
f 141 142 13
f 140 141 13
f 139 140 13
f 138 139 13
f 137 138 13
f 136 137 13
f 135 136 13
f 134 135 13
f 133 134 13
f 132 133 13
f 131 132 13
f 130 131 13
f 129 130 13
f 128 129 13
f 127 128 13
f 126 127 13
f 125 126 13
f 124 125 13
f 123 124 13
f 122 123 13
f 121 122 13
f 120 121 13
f 119 120 13
f 118 119 13
f 117 118 13
f 116 117 13
f 115 116 13
f 114 115 13
f 113 114 13
f 112 113 13
f 111 112 13
f 110 111 13
f 109 110 13
f 108 109 13
f 107 108 13
f 106 107 13
f 105 106 13
f 104 105 13
f 103 104 13
f 102 103 13
f 101 102 13
f 100 101 13
f 99 100 13
f 98 99 13
f 97 98 13
f 96 97 13
f 95 96 13
f 94 95 13
f 93 94 13
f 92 93 13
f 91 92 13
f 90 91 13
f 89 90 13
f 88 89 13
f 87 88 13
f 86 87 13
f 85 86 13
f 84 85 13
f 83 84 13
f 82 83 13
f 81 82 13
f 80 81 13
f 79 80 13
f 78 79 13
f 77 78 13
f 76 77 13
f 75 76 13
f 74 75 13
f 73 74 13
f 72 73 13
f 71 72 13
f 70 71 13
f 69 70 13
f 68 69 13
f 67 68 13
f 66 67 13
f 65 66 13
f 64 65 13
f 63 64 13
f 62 63 13
f 61 62 13
f 60 61 13
f 59 60 13
f 58 59 13
f 57 58 13
f 56 57 13
f 55 56 13
f 54 55 13
f 53 54 13
f 52 53 13
f 51 52 13
f 50 51 13
f 49 50 13
f 48 49 13
f 47 48 13
f 46 47 13
f 45 46 13
f 44 45 13
f 43 44 13
f 42 43 13
f 41 42 13
f 40 41 13
f 39 40 13
f 38 39 13
f 37 38 13
f 36 37 13
f 35 36 13
f 34 35 13
f 33 34 13
f 32 33 13
f 31 32 13
f 30 31 13
f 29 30 13
f 28 29 13
f 27 28 13
f 26 27 13
f 25 26 13
f 24 25 13
f 23 24 13
f 22 23 13
f 21 22 13
f 20 21 13
f 19 20 13
f 18 19 13
f 17 18 13
f 15 17 13
f 11 15 13
f 1600 1598 430
f 1134 1600 430
f 1133 1134 430
f 1076 1133 430
f 1075 1076 430
f 432 1075 430
f 1076 1075 431
f 1133 1076 431
f 1134 1133 431
f 1599 1134 431
f 1597 1599 431
f 429 1597 431
f 1078 1076 432
f 1048 1078 432
f 1047 1048 432
f 434 1047 432
f 1048 1047 433
f 1077 1048 433
f 1075 1077 433
f 431 1075 433
f 1602 1600 1134
f 1178 1602 1134
f 1177 1178 1134
f 1136 1177 1134
f 1178 1177 1135
f 1601 1178 1135
f 1599 1601 1135
f 1133 1599 1135
f 1050 1048 434
f 1024 1050 434
f 1023 1024 434
f 436 1023 434
f 1024 1023 435
f 1049 1024 435
f 1047 1049 435
f 433 1047 435
f 1604 1602 1178
f 1206 1604 1178
f 1205 1206 1178
f 1180 1205 1178
f 1206 1205 1179
f 1603 1206 1179
f 1601 1603 1179
f 1177 1601 1179
f 1026 1024 436
f 944 1026 436
f 943 944 436
f 438 943 436
f 944 943 437
f 1025 944 437
f 1023 1025 437
f 435 1023 437
f 1606 1604 1206
f 1226 1606 1206
f 1225 1226 1206
f 1208 1225 1206
f 1226 1225 1207
f 1605 1226 1207
f 1603 1605 1207
f 1205 1603 1207
f 946 944 438
f 926 946 438
f 925 926 438
f 440 925 438
f 926 925 439
f 945 926 439
f 943 945 439
f 437 943 439
f 1608 1606 1226
f 1244 1608 1226
f 1243 1244 1226
f 1228 1243 1226
f 1244 1243 1227
f 1607 1244 1227
f 1605 1607 1227
f 1225 1605 1227
f 928 926 440
f 908 928 440
f 907 908 440
f 442 907 440
f 908 907 441
f 927 908 441
f 925 927 441
f 439 925 441
f 1610 1608 1244
f 1262 1610 1244
f 1261 1262 1244
f 1246 1261 1244
f 1262 1261 1245
f 1609 1262 1245
f 1607 1609 1245
f 1243 1607 1245
f 910 908 442
f 894 910 442
f 893 894 442
f 444 893 442
f 894 893 443
f 909 894 443
f 907 909 443
f 441 907 443
f 1612 1610 1262
f 1282 1612 1262
f 1281 1282 1262
f 1264 1281 1262
f 1282 1281 1263
f 1611 1282 1263
f 1609 1611 1263
f 1261 1609 1263
f 896 894 444
f 880 896 444
f 879 880 444
f 446 879 444
f 880 879 445
f 895 880 445
f 893 895 445
f 443 893 445
f 1614 1612 1282
f 1300 1614 1282
f 1299 1300 1282
f 1284 1299 1282
f 1300 1299 1283
f 1613 1300 1283
f 1611 1613 1283
f 1281 1611 1283
f 882 880 446
f 862 882 446
f 861 862 446
f 448 861 446
f 862 861 447
f 881 862 447
f 879 881 447
f 445 879 447
f 1616 1614 1300
f 1316 1616 1300
f 1315 1316 1300
f 1302 1315 1300
f 1316 1315 1301
f 1615 1316 1301
f 1613 1615 1301
f 1299 1613 1301
f 864 862 448
f 848 864 448
f 847 848 448
f 450 847 448
f 848 847 449
f 863 848 449
f 861 863 449
f 447 861 449
f 1618 1616 1316
f 1330 1618 1316
f 1329 1330 1316
f 1318 1329 1316
f 1330 1329 1317
f 1617 1330 1317
f 1615 1617 1317
f 1315 1615 1317
f 850 848 450
f 838 850 450
f 837 838 450
f 452 837 450
f 838 837 451
f 849 838 451
f 847 849 451
f 449 847 451
f 1620 1618 1330
f 1342 1620 1330
f 1341 1342 1330
f 1332 1341 1330
f 1342 1341 1331
f 1619 1342 1331
f 1617 1619 1331
f 1329 1617 1331
f 840 838 452
f 820 840 452
f 819 820 452
f 454 819 452
f 820 819 453
f 839 820 453
f 837 839 453
f 451 837 453
f 1622 1620 1342
f 1356 1622 1342
f 1355 1356 1342
f 1344 1355 1342
f 1356 1355 1343
f 1621 1356 1343
f 1619 1621 1343
f 1341 1619 1343
f 822 820 454
f 810 822 454
f 809 810 454
f 456 809 454
f 810 809 455
f 821 810 455
f 819 821 455
f 453 819 455
f 1624 1622 1356
f 1368 1624 1356
f 1367 1368 1356
f 1358 1367 1356
f 1368 1367 1357
f 1623 1368 1357
f 1621 1623 1357
f 1355 1621 1357
f 812 810 456
f 796 812 456
f 795 796 456
f 458 795 456
f 796 795 457
f 811 796 457
f 809 811 457
f 455 809 457
f 1626 1624 1368
f 1384 1626 1368
f 1383 1384 1368
f 1370 1383 1368
f 1384 1383 1369
f 1625 1384 1369
f 1623 1625 1369
f 1367 1623 1369
f 798 796 458
f 782 798 458
f 781 782 458
f 460 781 458
f 782 781 459
f 797 782 459
f 795 797 459
f 457 795 459
f 1628 1626 1384
f 1396 1628 1384
f 1395 1396 1384
f 1386 1395 1384
f 1396 1395 1385
f 1627 1396 1385
f 1625 1627 1385
f 1383 1625 1385
f 784 782 460
f 768 784 460
f 767 768 460
f 462 767 460
f 768 767 461
f 783 768 461
f 781 783 461
f 459 781 461
f 1630 1628 1396
f 1410 1630 1396
f 1409 1410 1396
f 1398 1409 1396
f 1410 1409 1397
f 1629 1410 1397
f 1627 1629 1397
f 1395 1627 1397
f 770 768 462
f 754 770 462
f 753 754 462
f 464 753 462
f 754 753 463
f 769 754 463
f 767 769 463
f 461 767 463
f 1632 1630 1410
f 1420 1632 1410
f 1419 1420 1410
f 1412 1419 1410
f 1420 1419 1411
f 1631 1420 1411
f 1629 1631 1411
f 1409 1629 1411
f 756 754 464
f 744 756 464
f 743 744 464
f 466 743 464
f 744 743 465
f 755 744 465
f 753 755 465
f 463 753 465
f 1634 1632 1420
f 1430 1634 1420
f 1429 1430 1420
f 1422 1429 1420
f 1430 1429 1421
f 1633 1430 1421
f 1631 1633 1421
f 1419 1631 1421
f 746 744 466
f 730 746 466
f 729 730 466
f 468 729 466
f 730 729 467
f 745 730 467
f 743 745 467
f 465 743 467
f 1636 1634 1430
f 1440 1636 1430
f 1439 1440 1430
f 1432 1439 1430
f 1440 1439 1431
f 1635 1440 1431
f 1633 1635 1431
f 1429 1633 1431
f 732 730 468
f 720 732 468
f 719 720 468
f 470 719 468
f 720 719 469
f 731 720 469
f 729 731 469
f 467 729 469
f 1638 1636 1440
f 1450 1638 1440
f 1449 1450 1440
f 1442 1449 1440
f 1450 1449 1441
f 1637 1450 1441
f 1635 1637 1441
f 1439 1635 1441
f 722 720 470
f 706 722 470
f 705 706 470
f 472 705 470
f 706 705 471
f 721 706 471
f 719 721 471
f 469 719 471
f 1640 1638 1450
f 1460 1640 1450
f 1459 1460 1450
f 1452 1459 1450
f 1460 1459 1451
f 1639 1460 1451
f 1637 1639 1451
f 1449 1637 1451
f 708 706 472
f 692 708 472
f 691 692 472
f 474 691 472
f 692 691 473
f 707 692 473
f 705 707 473
f 471 705 473
f 1642 1640 1460
f 1470 1642 1460
f 1469 1470 1460
f 1462 1469 1460
f 1470 1469 1461
f 1641 1470 1461
f 1639 1641 1461
f 1459 1639 1461
f 694 692 474
f 682 694 474
f 681 682 474
f 476 681 474
f 682 681 475
f 693 682 475
f 691 693 475
f 473 691 475
f 1644 1642 1470
f 1480 1644 1470
f 1479 1480 1470
f 1472 1479 1470
f 1480 1479 1471
f 1643 1480 1471
f 1641 1643 1471
f 1469 1641 1471
f 684 682 476
f 668 684 476
f 667 668 476
f 478 667 476
f 668 667 477
f 683 668 477
f 681 683 477
f 475 681 477
f 1646 1644 1480
f 1490 1646 1480
f 1489 1490 1480
f 1482 1489 1480
f 1490 1489 1481
f 1645 1490 1481
f 1643 1645 1481
f 1479 1643 1481
f 670 668 478
f 658 670 478
f 657 658 478
f 480 657 478
f 658 657 479
f 669 658 479
f 667 669 479
f 477 667 479
f 1648 1646 1490
f 1500 1648 1490
f 1499 1500 1490
f 1492 1499 1490
f 1500 1499 1491
f 1647 1500 1491
f 1645 1647 1491
f 1489 1645 1491
f 660 658 480
f 644 660 480
f 643 644 480
f 482 643 480
f 644 643 481
f 659 644 481
f 657 659 481
f 479 657 481
f 1650 1648 1500
f 1510 1650 1500
f 1509 1510 1500
f 1502 1509 1500
f 1510 1509 1501
f 1649 1510 1501
f 1647 1649 1501
f 1499 1647 1501
f 646 644 482
f 634 646 482
f 633 634 482
f 484 633 482
f 634 633 483
f 645 634 483
f 643 645 483
f 481 643 483
f 1652 1650 1510
f 1520 1652 1510
f 1519 1520 1510
f 1512 1519 1510
f 1520 1519 1511
f 1651 1520 1511
f 1649 1651 1511
f 1509 1649 1511
f 636 634 484
f 620 636 484
f 619 620 484
f 486 619 484
f 620 619 485
f 635 620 485
f 633 635 485
f 483 633 485
f 1654 1652 1520
f 1530 1654 1520
f 1529 1530 1520
f 1522 1529 1520
f 1530 1529 1521
f 1653 1530 1521
f 1651 1653 1521
f 1519 1651 1521
f 622 620 486
f 606 622 486
f 605 606 486
f 488 605 486
f 606 605 487
f 621 606 487
f 619 621 487
f 485 619 487
f 1656 1654 1530
f 1540 1656 1530
f 1539 1540 1530
f 1532 1539 1530
f 1540 1539 1531
f 1655 1540 1531
f 1653 1655 1531
f 1529 1653 1531
f 608 606 488
f 596 608 488
f 595 596 488
f 490 595 488
f 596 595 489
f 607 596 489
f 605 607 489
f 487 605 489
f 1658 1656 1540
f 1550 1658 1540
f 1549 1550 1540
f 1542 1549 1540
f 1550 1549 1541
f 1657 1550 1541
f 1655 1657 1541
f 1539 1655 1541
f 598 596 490
f 582 598 490
f 581 582 490
f 492 581 490
f 582 581 491
f 597 582 491
f 595 597 491
f 489 595 491
f 1660 1658 1550
f 1560 1660 1550
f 1559 1560 1550
f 1552 1559 1550
f 1560 1559 1551
f 1659 1560 1551
f 1657 1659 1551
f 1549 1657 1551
f 584 582 492
f 572 584 492
f 571 572 492
f 494 571 492
f 572 571 493
f 583 572 493
f 581 583 493
f 491 581 493
f 1662 1660 1560
f 1570 1662 1560
f 1569 1570 1560
f 1562 1569 1560
f 1570 1569 1561
f 1661 1570 1561
f 1659 1661 1561
f 1559 1659 1561
f 574 572 494
f 558 574 494
f 557 558 494
f 496 557 494
f 558 557 495
f 573 558 495
f 571 573 495
f 493 571 495
f 1664 1662 1570
f 1580 1664 1570
f 1579 1580 1570
f 1572 1579 1570
f 1580 1579 1571
f 1663 1580 1571
f 1661 1663 1571
f 1569 1661 1571
f 560 558 496
f 548 560 496
f 547 548 496
f 498 547 496
f 548 547 497
f 559 548 497
f 557 559 497
f 495 557 497
f 1666 1664 1580
f 1590 1666 1580
f 1589 1590 1580
f 1582 1589 1580
f 1590 1589 1581
f 1665 1590 1581
f 1663 1665 1581
f 1579 1663 1581
f 549 548 498
f 550 549 498
f 552 550 498
f 502 552 498
f 500 502 498
f 499 500 498
f 550 551 501
f 549 550 501
f 547 549 501
f 497 547 501
f 499 497 501
f 500 499 501
f 1668 1666 1590
f 1594 1668 1590
f 1592 1594 1590
f 1591 1592 1590
f 1665 1667 1593
f 1589 1665 1593
f 1591 1589 1593
f 1592 1591 1593
f 563 562 550
f 564 563 550
f 566 564 550
f 552 566 550
f 564 565 551
f 563 564 551
f 561 563 551
f 549 561 551
f 1594 1592 1584
f 1588 1594 1584
f 1586 1588 1584
f 1585 1586 1584
f 1591 1593 1587
f 1583 1591 1587
f 1585 1583 1587
f 1586 1585 1587
f 577 576 564
f 578 577 564
f 580 578 564
f 566 580 564
f 578 579 565
f 577 578 565
f 575 577 565
f 563 575 565
f 1588 1586 1574
f 1578 1588 1574
f 1576 1578 1574
f 1575 1576 1574
f 1585 1587 1577
f 1573 1585 1577
f 1575 1573 1577
f 1576 1575 1577
f 587 586 578
f 588 587 578
f 590 588 578
f 580 590 578
f 588 589 579
f 587 588 579
f 585 587 579
f 577 585 579
f 1578 1576 1564
f 1568 1578 1564
f 1566 1568 1564
f 1565 1566 1564
f 1575 1577 1567
f 1563 1575 1567
f 1565 1563 1567
f 1566 1565 1567
f 601 600 588
f 602 601 588
f 604 602 588
f 590 604 588
f 602 603 589
f 601 602 589
f 599 601 589
f 587 599 589
f 1568 1566 1554
f 1558 1568 1554
f 1556 1558 1554
f 1555 1556 1554
f 1565 1567 1557
f 1553 1565 1557
f 1555 1553 1557
f 1556 1555 1557
f 611 610 602
f 612 611 602
f 614 612 602
f 604 614 602
f 612 613 603
f 611 612 603
f 609 611 603
f 601 609 603
f 1558 1556 1544
f 1548 1558 1544
f 1546 1548 1544
f 1545 1546 1544
f 1555 1557 1547
f 1543 1555 1547
f 1545 1543 1547
f 1546 1545 1547
f 625 624 612
f 626 625 612
f 628 626 612
f 614 628 612
f 626 627 613
f 625 626 613
f 623 625 613
f 611 623 613
f 1548 1546 1534
f 1538 1548 1534
f 1536 1538 1534
f 1535 1536 1534
f 1545 1547 1537
f 1533 1545 1537
f 1535 1533 1537
f 1536 1535 1537
f 639 638 626
f 640 639 626
f 642 640 626
f 628 642 626
f 640 641 627
f 639 640 627
f 637 639 627
f 625 637 627
f 1538 1536 1524
f 1528 1538 1524
f 1526 1528 1524
f 1525 1526 1524
f 1535 1537 1527
f 1523 1535 1527
f 1525 1523 1527
f 1526 1525 1527
f 649 648 640
f 650 649 640
f 652 650 640
f 642 652 640
f 650 651 641
f 649 650 641
f 647 649 641
f 639 647 641
f 1528 1526 1514
f 1518 1528 1514
f 1516 1518 1514
f 1515 1516 1514
f 1525 1527 1517
f 1513 1525 1517
f 1515 1513 1517
f 1516 1515 1517
f 663 662 650
f 664 663 650
f 666 664 650
f 652 666 650
f 664 665 651
f 663 664 651
f 661 663 651
f 649 661 651
f 1518 1516 1504
f 1508 1518 1504
f 1506 1508 1504
f 1505 1506 1504
f 1515 1517 1507
f 1503 1515 1507
f 1505 1503 1507
f 1506 1505 1507
f 673 672 664
f 674 673 664
f 676 674 664
f 666 676 664
f 674 675 665
f 673 674 665
f 671 673 665
f 663 671 665
f 1508 1506 1494
f 1498 1508 1494
f 1496 1498 1494
f 1495 1496 1494
f 1505 1507 1497
f 1493 1505 1497
f 1495 1493 1497
f 1496 1495 1497
f 687 686 674
f 688 687 674
f 690 688 674
f 676 690 674
f 688 689 675
f 687 688 675
f 685 687 675
f 673 685 675
f 1498 1496 1484
f 1488 1498 1484
f 1486 1488 1484
f 1485 1486 1484
f 1495 1497 1487
f 1483 1495 1487
f 1485 1483 1487
f 1486 1485 1487
f 697 696 688
f 698 697 688
f 700 698 688
f 690 700 688
f 698 699 689
f 697 698 689
f 695 697 689
f 687 695 689
f 1488 1486 1474
f 1478 1488 1474
f 1476 1478 1474
f 1475 1476 1474
f 1485 1487 1477
f 1473 1485 1477
f 1475 1473 1477
f 1476 1475 1477
f 711 710 698
f 712 711 698
f 714 712 698
f 700 714 698
f 712 713 699
f 711 712 699
f 709 711 699
f 697 709 699
f 1478 1476 1464
f 1468 1478 1464
f 1466 1468 1464
f 1465 1466 1464
f 1475 1477 1467
f 1463 1475 1467
f 1465 1463 1467
f 1466 1465 1467
f 725 724 712
f 726 725 712
f 728 726 712
f 714 728 712
f 726 727 713
f 725 726 713
f 723 725 713
f 711 723 713
f 1468 1466 1454
f 1458 1468 1454
f 1456 1458 1454
f 1455 1456 1454
f 1465 1467 1457
f 1453 1465 1457
f 1455 1453 1457
f 1456 1455 1457
f 735 734 726
f 736 735 726
f 738 736 726
f 728 738 726
f 736 737 727
f 735 736 727
f 733 735 727
f 725 733 727
f 1458 1456 1444
f 1448 1458 1444
f 1446 1448 1444
f 1445 1446 1444
f 1455 1457 1447
f 1443 1455 1447
f 1445 1443 1447
f 1446 1445 1447
f 749 748 736
f 750 749 736
f 752 750 736
f 738 752 736
f 750 751 737
f 749 750 737
f 747 749 737
f 735 747 737
f 1448 1446 1434
f 1438 1448 1434
f 1436 1438 1434
f 1435 1436 1434
f 1445 1447 1437
f 1433 1445 1437
f 1435 1433 1437
f 1436 1435 1437
f 759 758 750
f 760 759 750
f 762 760 750
f 752 762 750
f 760 761 751
f 759 760 751
f 757 759 751
f 749 757 751
f 1438 1436 1424
f 1428 1438 1424
f 1426 1428 1424
f 1425 1426 1424
f 1435 1437 1427
f 1423 1435 1427
f 1425 1423 1427
f 1426 1425 1427
f 773 772 760
f 774 773 760
f 776 774 760
f 762 776 760
f 774 775 761
f 773 774 761
f 771 773 761
f 759 771 761
f 1428 1426 1414
f 1418 1428 1414
f 1416 1418 1414
f 1415 1416 1414
f 1425 1427 1417
f 1413 1425 1417
f 1415 1413 1417
f 1416 1415 1417
f 787 786 774
f 788 787 774
f 790 788 774
f 776 790 774
f 788 789 775
f 787 788 775
f 785 787 775
f 773 785 775
f 1418 1416 1400
f 1408 1418 1400
f 1406 1408 1400
f 1405 1406 1400
f 1404 1405 1400
f 1403 1404 1400
f 1402 1403 1400
f 1401 1402 1400
f 1415 1417 1407
f 1399 1415 1407
f 1401 1399 1407
f 1402 1401 1407
f 1403 1402 1407
f 1404 1403 1407
f 1405 1404 1407
f 1406 1405 1407
f 801 800 788
f 802 801 788
f 804 802 788
f 790 804 788
f 802 803 789
f 801 802 789
f 799 801 789
f 787 799 789
f 1404 1402 1388
f 1394 1404 1388
f 1392 1394 1388
f 1391 1392 1388
f 1390 1391 1388
f 1389 1390 1388
f 1401 1403 1393
f 1387 1401 1393
f 1389 1387 1393
f 1390 1389 1393
f 1391 1390 1393
f 1392 1391 1393
f 815 814 802
f 816 815 802
f 818 816 802
f 804 818 802
f 816 817 803
f 815 816 803
f 813 815 803
f 801 813 803
f 1392 1390 1372
f 1380 1392 1372
f 1379 1380 1372
f 1378 1379 1372
f 1376 1378 1372
f 1375 1376 1372
f 1374 1375 1372
f 1373 1374 1372
f 1380 1379 1377
f 1391 1380 1377
f 1389 1391 1377
f 1371 1389 1377
f 1373 1371 1377
f 1374 1373 1377
f 1375 1374 1377
f 1376 1375 1377
f 825 824 816
f 826 825 816
f 828 826 816
f 818 828 816
f 826 827 817
f 825 826 817
f 823 825 817
f 815 823 817
f 1376 1374 1360
f 1366 1376 1360
f 1364 1366 1360
f 1363 1364 1360
f 1362 1363 1360
f 1361 1362 1360
f 1373 1375 1365
f 1359 1373 1365
f 1361 1359 1365
f 1362 1361 1365
f 1363 1362 1365
f 1364 1363 1365
f 843 842 826
f 844 843 826
f 846 844 826
f 828 846 826
f 844 845 827
f 843 844 827
f 841 843 827
f 825 841 827
f 1364 1362 1346
f 1352 1364 1346
f 1351 1352 1346
f 1350 1351 1346
f 1348 1350 1346
f 1347 1348 1346
f 1352 1351 1349
f 1363 1352 1349
f 1361 1363 1349
f 1345 1361 1349
f 1347 1345 1349
f 1348 1347 1349
f 853 852 844
f 854 853 844
f 856 854 844
f 846 856 844
f 854 855 845
f 853 854 845
f 851 853 845
f 843 851 845
f 1350 1348 1334
f 1340 1350 1334
f 1338 1340 1334
f 1337 1338 1334
f 1336 1337 1334
f 1335 1336 1334
f 1347 1349 1339
f 1333 1347 1339
f 1335 1333 1339
f 1336 1335 1339
f 1337 1336 1339
f 1338 1337 1339
f 867 866 854
f 868 867 854
f 870 868 854
f 856 870 854
f 868 869 855
f 867 868 855
f 865 867 855
f 853 865 855
f 1338 1336 1320
f 1328 1338 1320
f 1326 1328 1320
f 1325 1326 1320
f 1324 1325 1320
f 1323 1324 1320
f 1322 1323 1320
f 1321 1322 1320
f 1335 1337 1327
f 1319 1335 1327
f 1321 1319 1327
f 1322 1321 1327
f 1323 1322 1327
f 1324 1323 1327
f 1325 1324 1327
f 1326 1325 1327
f 885 884 868
f 886 885 868
f 888 886 868
f 870 888 868
f 886 887 869
f 885 886 869
f 883 885 869
f 867 883 869
f 1324 1322 1304
f 1312 1324 1304
f 1311 1312 1304
f 1310 1311 1304
f 1308 1310 1304
f 1307 1308 1304
f 1306 1307 1304
f 1305 1306 1304
f 1312 1311 1309
f 1323 1312 1309
f 1321 1323 1309
f 1303 1321 1309
f 1305 1303 1309
f 1306 1305 1309
f 1307 1306 1309
f 1308 1307 1309
f 899 898 886
f 900 899 886
f 902 900 886
f 888 902 886
f 900 901 887
f 899 900 887
f 897 899 887
f 885 897 887
f 1308 1306 1286
f 1296 1308 1286
f 1295 1296 1286
f 1294 1295 1286
f 1292 1294 1286
f 1291 1292 1286
f 1290 1291 1286
f 1289 1290 1286
f 1288 1289 1286
f 1287 1288 1286
f 1296 1295 1293
f 1307 1296 1293
f 1305 1307 1293
f 1285 1305 1293
f 1287 1285 1293
f 1288 1287 1293
f 1289 1288 1293
f 1290 1289 1293
f 1291 1290 1293
f 1292 1291 1293
f 913 912 900
f 914 913 900
f 916 914 900
f 902 916 900
f 914 915 901
f 913 914 901
f 911 913 901
f 899 911 901
f 1290 1288 1266
f 1274 1290 1266
f 1273 1274 1266
f 1272 1273 1266
f 1270 1272 1266
f 1269 1270 1266
f 1268 1269 1266
f 1267 1268 1266
f 1274 1273 1271
f 1289 1274 1271
f 1287 1289 1271
f 1265 1287 1271
f 1267 1265 1271
f 1268 1267 1271
f 1269 1268 1271
f 1270 1269 1271
f 931 930 914
f 932 931 914
f 934 932 914
f 916 934 914
f 932 933 915
f 931 932 915
f 929 931 915
f 913 929 915
f 1270 1268 1248
f 1258 1270 1248
f 1257 1258 1248
f 1256 1257 1248
f 1254 1256 1248
f 1253 1254 1248
f 1252 1253 1248
f 1251 1252 1248
f 1250 1251 1248
f 1249 1250 1248
f 1258 1257 1255
f 1269 1258 1255
f 1267 1269 1255
f 1247 1267 1255
f 1249 1247 1255
f 1250 1249 1255
f 1251 1250 1255
f 1252 1251 1255
f 1253 1252 1255
f 1254 1253 1255
f 949 948 932
f 950 949 932
f 952 950 932
f 934 952 932
f 950 951 933
f 949 950 933
f 947 949 933
f 931 947 933
f 1252 1250 1230
f 1240 1252 1230
f 1239 1240 1230
f 1238 1239 1230
f 1236 1238 1230
f 1235 1236 1230
f 1234 1235 1230
f 1233 1234 1230
f 1232 1233 1230
f 1231 1232 1230
f 1240 1239 1237
f 1251 1240 1237
f 1249 1251 1237
f 1229 1249 1237
f 1231 1229 1237
f 1232 1231 1237
f 1233 1232 1237
f 1234 1233 1237
f 1235 1234 1237
f 1236 1235 1237
f 1029 1028 950
f 1030 1029 950
f 1032 1030 950
f 1020 1032 950
f 1019 1020 950
f 1018 1019 950
f 1016 1018 950
f 1015 1016 950
f 1014 1015 950
f 1013 1014 950
f 1012 1013 950
f 1011 1012 950
f 1010 1011 950
f 1009 1010 950
f 1008 1009 950
f 1007 1008 950
f 1006 1007 950
f 1005 1006 950
f 1004 1005 950
f 1003 1004 950
f 1002 1003 950
f 1001 1002 950
f 1000 1001 950
f 999 1000 950
f 998 999 950
f 997 998 950
f 996 997 950
f 995 996 950
f 994 995 950
f 993 994 950
f 992 993 950
f 991 992 950
f 990 991 950
f 989 990 950
f 988 989 950
f 987 988 950
f 986 987 950
f 985 986 950
f 984 985 950
f 983 984 950
f 982 983 950
f 981 982 950
f 980 981 950
f 979 980 950
f 978 979 950
f 977 978 950
f 976 977 950
f 975 976 950
f 974 975 950
f 973 974 950
f 972 973 950
f 971 972 950
f 970 971 950
f 969 970 950
f 968 969 950
f 967 968 950
f 966 967 950
f 965 966 950
f 964 965 950
f 963 964 950
f 962 963 950
f 961 962 950
f 960 961 950
f 959 960 950
f 958 959 950
f 957 958 950
f 956 957 950
f 955 956 950
f 954 955 950
f 953 954 950
f 952 953 950
f 951 952 950
f 1020 1019 1017
f 1031 1020 1017
f 1030 1031 1017
f 1029 1030 1017
f 1027 1029 1017
f 949 1027 1017
f 951 949 1017
f 952 951 1017
f 953 952 1017
f 954 953 1017
f 955 954 1017
f 956 955 1017
f 957 956 1017
f 958 957 1017
f 959 958 1017
f 960 959 1017
f 961 960 1017
f 962 961 1017
f 963 962 1017
f 964 963 1017
f 965 964 1017
f 966 965 1017
f 967 966 1017
f 968 967 1017
f 969 968 1017
f 970 969 1017
f 971 970 1017
f 972 971 1017
f 973 972 1017
f 974 973 1017
f 975 974 1017
f 976 975 1017
f 977 976 1017
f 978 977 1017
f 979 978 1017
f 980 979 1017
f 981 980 1017
f 982 981 1017
f 983 982 1017
f 984 983 1017
f 985 984 1017
f 986 985 1017
f 987 986 1017
f 988 987 1017
f 989 988 1017
f 990 989 1017
f 991 990 1017
f 992 991 1017
f 993 992 1017
f 994 993 1017
f 995 994 1017
f 996 995 1017
f 997 996 1017
f 998 997 1017
f 999 998 1017
f 1000 999 1017
f 1001 1000 1017
f 1002 1001 1017
f 1003 1002 1017
f 1004 1003 1017
f 1005 1004 1017
f 1006 1005 1017
f 1007 1006 1017
f 1008 1007 1017
f 1009 1008 1017
f 1010 1009 1017
f 1011 1010 1017
f 1012 1011 1017
f 1013 1012 1017
f 1014 1013 1017
f 1015 1014 1017
f 1016 1015 1017
f 1234 1232 1210
f 1222 1234 1210
f 1221 1222 1210
f 1220 1221 1210
f 1218 1220 1210
f 1217 1218 1210
f 1216 1217 1210
f 1215 1216 1210
f 1214 1215 1210
f 1213 1214 1210
f 1212 1213 1210
f 1211 1212 1210
f 1222 1221 1219
f 1233 1222 1219
f 1231 1233 1219
f 1209 1231 1219
f 1211 1209 1219
f 1212 1211 1219
f 1213 1212 1219
f 1214 1213 1219
f 1215 1214 1219
f 1216 1215 1219
f 1217 1216 1219
f 1218 1217 1219
f 1053 1052 1030
f 1054 1053 1030
f 1056 1054 1030
f 1036 1056 1030
f 1035 1036 1030
f 1034 1035 1030
f 1032 1034 1030
f 1031 1032 1030
f 1036 1035 1033
f 1055 1036 1033
f 1054 1055 1033
f 1053 1054 1033
f 1051 1053 1033
f 1029 1051 1033
f 1031 1029 1033
f 1032 1031 1033
f 1214 1212 1182
f 1194 1214 1182
f 1193 1194 1182
f 1192 1193 1182
f 1190 1192 1182
f 1189 1190 1182
f 1188 1189 1182
f 1187 1188 1182
f 1186 1187 1182
f 1185 1186 1182
f 1184 1185 1182
f 1183 1184 1182
f 1194 1193 1191
f 1213 1194 1191
f 1211 1213 1191
f 1181 1211 1191
f 1183 1181 1191
f 1184 1183 1191
f 1185 1184 1191
f 1186 1185 1191
f 1187 1186 1191
f 1188 1187 1191
f 1189 1188 1191
f 1190 1189 1191
f 1081 1080 1054
f 1082 1081 1054
f 1084 1082 1054
f 1064 1084 1054
f 1063 1064 1054
f 1062 1063 1054
f 1060 1062 1054
f 1059 1060 1054
f 1058 1059 1054
f 1057 1058 1054
f 1056 1057 1054
f 1055 1056 1054
f 1064 1063 1061
f 1083 1064 1061
f 1082 1083 1061
f 1081 1082 1061
f 1079 1081 1061
f 1053 1079 1061
f 1055 1053 1061
f 1056 1055 1061
f 1057 1056 1061
f 1058 1057 1061
f 1059 1058 1061
f 1060 1059 1061
f 1186 1184 1138
f 1166 1186 1138
f 1165 1166 1138
f 1164 1165 1138
f 1162 1164 1138
f 1161 1162 1138
f 1160 1161 1138
f 1159 1160 1138
f 1158 1159 1138
f 1157 1158 1138
f 1156 1157 1138
f 1155 1156 1138
f 1154 1155 1138
f 1153 1154 1138
f 1152 1153 1138
f 1151 1152 1138
f 1150 1151 1138
f 1149 1150 1138
f 1148 1149 1138
f 1147 1148 1138
f 1146 1147 1138
f 1145 1146 1138
f 1144 1145 1138
f 1143 1144 1138
f 1142 1143 1138
f 1141 1142 1138
f 1140 1141 1138
f 1139 1140 1138
f 1166 1165 1163
f 1185 1166 1163
f 1183 1185 1163
f 1137 1183 1163
f 1139 1137 1163
f 1140 1139 1163
f 1141 1140 1163
f 1142 1141 1163
f 1143 1142 1163
f 1144 1143 1163
f 1145 1144 1163
f 1146 1145 1163
f 1147 1146 1163
f 1148 1147 1163
f 1149 1148 1163
f 1150 1149 1163
f 1151 1150 1163
f 1152 1151 1163
f 1153 1152 1163
f 1154 1153 1163
f 1155 1154 1163
f 1156 1155 1163
f 1157 1156 1163
f 1158 1157 1163
f 1159 1158 1163
f 1160 1159 1163
f 1161 1160 1163
f 1162 1161 1163
f 1142 1140 1082
f 1094 1142 1082
f 1093 1094 1082
f 1092 1093 1082
f 1090 1092 1082
f 1089 1090 1082
f 1088 1089 1082
f 1087 1088 1082
f 1086 1087 1082
f 1085 1086 1082
f 1084 1085 1082
f 1083 1084 1082
f 1094 1093 1091
f 1141 1094 1091
f 1139 1141 1091
f 1081 1139 1091
f 1083 1081 1091
f 1084 1083 1091
f 1085 1084 1091
f 1086 1085 1091
f 1087 1086 1091
f 1088 1087 1091
f 1089 1088 1091
f 1090 1089 1091
f 502 500 18
f 20 502 18
f 499 501 19
f 17 499 19
f 956 954 22
f 528 956 22
f 527 528 22
f 524 527 22
f 523 524 22
f 24 523 22
f 524 523 23
f 527 524 23
f 528 527 23
f 955 528 23
f 953 955 23
f 21 953 23
f 526 524 24
f 520 526 24
f 519 520 24
f 26 519 24
f 520 519 25
f 525 520 25
f 523 525 25
f 23 523 25
f 958 956 528
f 532 958 528
f 531 532 528
f 530 531 528
f 532 531 529
f 957 532 529
f 955 957 529
f 527 955 529
f 522 520 26
f 516 522 26
f 515 516 26
f 28 515 26
f 516 515 27
f 521 516 27
f 519 521 27
f 25 519 27
f 960 958 532
f 536 960 532
f 535 536 532
f 534 535 532
f 536 535 533
f 959 536 533
f 957 959 533
f 531 957 533
f 518 516 28
f 512 518 28
f 511 512 28
f 30 511 28
f 512 511 29
f 517 512 29
f 515 517 29
f 27 515 29
f 962 960 536
f 540 962 536
f 539 540 536
f 538 539 536
f 540 539 537
f 961 540 537
f 959 961 537
f 535 959 537
f 514 512 30
f 508 514 30
f 507 508 30
f 32 507 30
f 508 507 31
f 513 508 31
f 511 513 31
f 29 511 31
f 964 962 540
f 544 964 540
f 543 544 540
f 542 543 540
f 544 543 541
f 963 544 541
f 961 963 541
f 539 961 541
f 510 508 32
f 504 510 32
f 503 504 32
f 34 503 32
f 504 503 33
f 509 504 33
f 507 509 33
f 31 507 33
f 966 964 544
f 554 966 544
f 553 554 544
f 546 553 544
f 554 553 545
f 965 554 545
f 963 965 545
f 543 963 545
f 506 504 34
f 426 506 34
f 425 426 34
f 36 425 34
f 426 425 35
f 505 426 35
f 503 505 35
f 33 503 35
f 968 966 554
f 568 968 554
f 567 568 554
f 556 567 554
f 568 567 555
f 967 568 555
f 965 967 555
f 553 965 555
f 428 426 36
f 422 428 36
f 421 422 36
f 38 421 36
f 422 421 37
f 427 422 37
f 425 427 37
f 35 425 37
f 970 968 568
f 592 970 568
f 591 592 568
f 570 591 568
f 592 591 569
f 969 592 569
f 967 969 569
f 567 967 569
f 424 422 38
f 418 424 38
f 417 418 38
f 40 417 38
f 418 417 39
f 423 418 39
f 421 423 39
f 37 421 39
f 972 970 592
f 616 972 592
f 615 616 592
f 594 615 592
f 616 615 593
f 971 616 593
f 969 971 593
f 591 969 593
f 420 418 40
f 414 420 40
f 413 414 40
f 42 413 40
f 414 413 41
f 419 414 41
f 417 419 41
f 39 417 41
f 974 972 616
f 630 974 616
f 629 630 616
f 618 629 616
f 630 629 617
f 973 630 617
f 971 973 617
f 615 971 617
f 416 414 42
f 410 416 42
f 409 410 42
f 44 409 42
f 410 409 43
f 415 410 43
f 413 415 43
f 41 413 43
f 976 974 630
f 654 976 630
f 653 654 630
f 632 653 630
f 654 653 631
f 975 654 631
f 973 975 631
f 629 973 631
f 412 410 44
f 406 412 44
f 405 406 44
f 46 405 44
f 406 405 45
f 411 406 45
f 409 411 45
f 43 409 45
f 978 976 654
f 678 978 654
f 677 678 654
f 656 677 654
f 678 677 655
f 977 678 655
f 975 977 655
f 653 975 655
f 408 406 46
f 402 408 46
f 401 402 46
f 48 401 46
f 402 401 47
f 407 402 47
f 405 407 47
f 45 405 47
f 980 978 678
f 702 980 678
f 701 702 678
f 680 701 678
f 702 701 679
f 979 702 679
f 977 979 679
f 677 977 679
f 404 402 48
f 398 404 48
f 397 398 48
f 50 397 48
f 398 397 49
f 403 398 49
f 401 403 49
f 47 401 49
f 982 980 702
f 716 982 702
f 715 716 702
f 704 715 702
f 716 715 703
f 981 716 703
f 979 981 703
f 701 979 703
f 400 398 50
f 394 400 50
f 393 394 50
f 52 393 50
f 394 393 51
f 399 394 51
f 397 399 51
f 49 397 51
f 984 982 716
f 740 984 716
f 739 740 716
f 718 739 716
f 740 739 717
f 983 740 717
f 981 983 717
f 715 981 717
f 396 394 52
f 390 396 52
f 389 390 52
f 54 389 52
f 390 389 53
f 395 390 53
f 393 395 53
f 51 393 53
f 986 984 740
f 764 986 740
f 763 764 740
f 742 763 740
f 764 763 741
f 985 764 741
f 983 985 741
f 739 983 741
f 392 390 54
f 386 392 54
f 385 386 54
f 56 385 54
f 386 385 55
f 391 386 55
f 389 391 55
f 53 389 55
f 988 986 764
f 778 988 764
f 777 778 764
f 766 777 764
f 778 777 765
f 987 778 765
f 985 987 765
f 763 985 765
f 388 386 56
f 382 388 56
f 381 382 56
f 58 381 56
f 382 381 57
f 387 382 57
f 385 387 57
f 55 385 57
f 990 988 778
f 792 990 778
f 791 792 778
f 780 791 778
f 792 791 779
f 989 792 779
f 987 989 779
f 777 987 779
f 384 382 58
f 378 384 58
f 377 378 58
f 60 377 58
f 378 377 59
f 383 378 59
f 381 383 59
f 57 381 59
f 992 990 792
f 806 992 792
f 805 806 792
f 794 805 792
f 806 805 793
f 991 806 793
f 989 991 793
f 791 989 793
f 380 378 60
f 374 380 60
f 373 374 60
f 62 373 60
f 374 373 61
f 379 374 61
f 377 379 61
f 59 377 61
f 994 992 806
f 830 994 806
f 829 830 806
f 808 829 806
f 830 829 807
f 993 830 807
f 991 993 807
f 805 991 807
f 376 374 62
f 370 376 62
f 369 370 62
f 64 369 62
f 370 369 63
f 375 370 63
f 373 375 63
f 61 373 63
f 996 994 830
f 834 996 830
f 833 834 830
f 832 833 830
f 834 833 831
f 995 834 831
f 993 995 831
f 829 993 831
f 372 370 64
f 366 372 64
f 365 366 64
f 66 365 64
f 366 365 65
f 371 366 65
f 369 371 65
f 63 369 65
f 998 996 834
f 858 998 834
f 857 858 834
f 836 857 834
f 858 857 835
f 997 858 835
f 995 997 835
f 833 995 835
f 368 366 66
f 362 368 66
f 361 362 66
f 68 361 66
f 362 361 67
f 367 362 67
f 365 367 67
f 65 365 67
f 1000 998 858
f 872 1000 858
f 871 872 858
f 860 871 858
f 872 871 859
f 999 872 859
f 997 999 859
f 857 997 859
f 364 362 68
f 358 364 68
f 357 358 68
f 70 357 68
f 358 357 69
f 363 358 69
f 361 363 69
f 67 361 69
f 1002 1000 872
f 876 1002 872
f 875 876 872
f 874 875 872
f 876 875 873
f 1001 876 873
f 999 1001 873
f 871 999 873
f 360 358 70
f 354 360 70
f 353 354 70
f 72 353 70
f 354 353 71
f 359 354 71
f 357 359 71
f 69 357 71
f 1004 1002 876
f 890 1004 876
f 889 890 876
f 878 889 876
f 890 889 877
f 1003 890 877
f 1001 1003 877
f 875 1001 877
f 356 354 72
f 350 356 72
f 349 350 72
f 74 349 72
f 350 349 73
f 355 350 73
f 353 355 73
f 71 353 73
f 1006 1004 890
f 904 1006 890
f 903 904 890
f 892 903 890
f 904 903 891
f 1005 904 891
f 1003 1005 891
f 889 1003 891
f 352 350 74
f 346 352 74
f 345 346 74
f 76 345 74
f 346 345 75
f 351 346 75
f 349 351 75
f 73 349 75
f 1008 1006 904
f 918 1008 904
f 917 918 904
f 906 917 904
f 918 917 905
f 1007 918 905
f 1005 1007 905
f 903 1005 905
f 348 346 76
f 342 348 76
f 341 342 76
f 78 341 76
f 342 341 77
f 347 342 77
f 345 347 77
f 75 345 77
f 1010 1008 918
f 922 1010 918
f 921 922 918
f 920 921 918
f 922 921 919
f 1009 922 919
f 1007 1009 919
f 917 1007 919
f 344 342 78
f 338 344 78
f 337 338 78
f 80 337 78
f 338 337 79
f 343 338 79
f 341 343 79
f 77 341 79
f 1012 1010 922
f 936 1012 922
f 935 936 922
f 924 935 922
f 936 935 923
f 1011 936 923
f 1009 1011 923
f 921 1009 923
f 340 338 80
f 334 340 80
f 333 334 80
f 82 333 80
f 334 333 81
f 339 334 81
f 337 339 81
f 79 337 81
f 1014 1012 936
f 940 1014 936
f 939 940 936
f 938 939 936
f 940 939 937
f 1013 940 937
f 1011 1013 937
f 935 1011 937
f 336 334 82
f 330 336 82
f 329 330 82
f 84 329 82
f 330 329 83
f 335 330 83
f 333 335 83
f 81 333 83
f 1016 1014 940
f 942 1016 940
f 1013 1015 941
f 939 1013 941
f 332 330 84
f 326 332 84
f 325 326 84
f 86 325 84
f 326 325 85
f 331 326 85
f 329 331 85
f 83 329 85
f 328 326 86
f 322 328 86
f 321 322 86
f 88 321 86
f 322 321 87
f 327 322 87
f 325 327 87
f 85 325 87
f 1034 1032 1020
f 1022 1034 1020
f 1031 1033 1021
f 1019 1031 1021
f 324 322 88
f 318 324 88
f 317 318 88
f 90 317 88
f 318 317 89
f 323 318 89
f 321 323 89
f 87 321 89
f 1058 1056 1036
f 1040 1058 1036
f 1039 1040 1036
f 1038 1039 1036
f 1040 1039 1037
f 1057 1040 1037
f 1055 1057 1037
f 1035 1055 1037
f 320 318 90
f 314 320 90
f 313 314 90
f 92 313 90
f 314 313 91
f 319 314 91
f 317 319 91
f 89 317 91
f 1060 1058 1040
f 1044 1060 1040
f 1043 1044 1040
f 1042 1043 1040
f 1044 1043 1041
f 1059 1044 1041
f 1057 1059 1041
f 1039 1057 1041
f 316 314 92
f 310 316 92
f 309 310 92
f 94 309 92
f 310 309 93
f 315 310 93
f 313 315 93
f 91 313 93
f 1062 1060 1044
f 1046 1062 1044
f 1059 1061 1045
f 1043 1059 1045
f 312 310 94
f 306 312 94
f 305 306 94
f 96 305 94
f 306 305 95
f 311 306 95
f 309 311 95
f 93 309 95
f 1086 1084 1064
f 1068 1086 1064
f 1067 1068 1064
f 1066 1067 1064
f 1068 1067 1065
f 1085 1068 1065
f 1083 1085 1065
f 1063 1083 1065
f 308 306 96
f 302 308 96
f 301 302 96
f 98 301 96
f 302 301 97
f 307 302 97
f 305 307 97
f 95 305 97
f 1088 1086 1068
f 1072 1088 1068
f 1071 1072 1068
f 1070 1071 1068
f 1072 1071 1069
f 1087 1072 1069
f 1085 1087 1069
f 1067 1085 1069
f 304 302 98
f 298 304 98
f 297 298 98
f 100 297 98
f 298 297 99
f 303 298 99
f 301 303 99
f 97 301 99
f 1090 1088 1072
f 1074 1090 1072
f 1087 1089 1073
f 1071 1087 1073
f 300 298 100
f 294 300 100
f 293 294 100
f 102 293 100
f 294 293 101
f 299 294 101
f 297 299 101
f 99 297 101
f 296 294 102
f 290 296 102
f 289 290 102
f 104 289 102
f 290 289 103
f 295 290 103
f 293 295 103
f 101 293 103
f 1144 1142 1094
f 1098 1144 1094
f 1097 1098 1094
f 1096 1097 1094
f 1098 1097 1095
f 1143 1098 1095
f 1141 1143 1095
f 1093 1141 1095
f 292 290 104
f 286 292 104
f 285 286 104
f 106 285 104
f 286 285 105
f 291 286 105
f 289 291 105
f 103 289 105
f 1146 1144 1098
f 1102 1146 1098
f 1101 1102 1098
f 1100 1101 1098
f 1102 1101 1099
f 1145 1102 1099
f 1143 1145 1099
f 1097 1143 1099
f 288 286 106
f 282 288 106
f 281 282 106
f 108 281 106
f 282 281 107
f 287 282 107
f 285 287 107
f 105 285 107
f 1148 1146 1102
f 1106 1148 1102
f 1105 1106 1102
f 1104 1105 1102
f 1106 1105 1103
f 1147 1106 1103
f 1145 1147 1103
f 1101 1145 1103
f 284 282 108
f 278 284 108
f 277 278 108
f 110 277 108
f 278 277 109
f 283 278 109
f 281 283 109
f 107 281 109
f 1150 1148 1106
f 1110 1150 1106
f 1109 1110 1106
f 1108 1109 1106
f 1110 1109 1107
f 1149 1110 1107
f 1147 1149 1107
f 1105 1147 1107
f 280 278 110
f 274 280 110
f 273 274 110
f 112 273 110
f 274 273 111
f 279 274 111
f 277 279 111
f 109 277 111
f 1152 1150 1110
f 1114 1152 1110
f 1113 1114 1110
f 1112 1113 1110
f 1114 1113 1111
f 1151 1114 1111
f 1149 1151 1111
f 1109 1149 1111
f 276 274 112
f 270 276 112
f 269 270 112
f 114 269 112
f 270 269 113
f 275 270 113
f 273 275 113
f 111 273 113
f 1154 1152 1114
f 1118 1154 1114
f 1117 1118 1114
f 1116 1117 1114
f 1118 1117 1115
f 1153 1118 1115
f 1151 1153 1115
f 1113 1151 1115
f 272 270 114
f 266 272 114
f 265 266 114
f 116 265 114
f 266 265 115
f 271 266 115
f 269 271 115
f 113 269 115
f 1156 1154 1118
f 1122 1156 1118
f 1121 1122 1118
f 1120 1121 1118
f 1122 1121 1119
f 1155 1122 1119
f 1153 1155 1119
f 1117 1153 1119
f 268 266 116
f 262 268 116
f 261 262 116
f 118 261 116
f 262 261 117
f 267 262 117
f 265 267 117
f 115 265 117
f 1158 1156 1122
f 1126 1158 1122
f 1125 1126 1122
f 1124 1125 1122
f 1126 1125 1123
f 1157 1126 1123
f 1155 1157 1123
f 1121 1155 1123
f 264 262 118
f 258 264 118
f 257 258 118
f 120 257 118
f 258 257 119
f 263 258 119
f 261 263 119
f 117 261 119
f 1160 1158 1126
f 1130 1160 1126
f 1129 1130 1126
f 1128 1129 1126
f 1130 1129 1127
f 1159 1130 1127
f 1157 1159 1127
f 1125 1157 1127
f 260 258 120
f 254 260 120
f 253 254 120
f 122 253 120
f 254 253 121
f 259 254 121
f 257 259 121
f 119 257 121
f 1162 1160 1130
f 1132 1162 1130
f 1159 1161 1131
f 1129 1159 1131
f 256 254 122
f 250 256 122
f 249 250 122
f 124 249 122
f 250 249 123
f 255 250 123
f 253 255 123
f 121 253 123
f 252 250 124
f 246 252 124
f 245 246 124
f 126 245 124
f 246 245 125
f 251 246 125
f 249 251 125
f 123 249 125
f 1188 1186 1166
f 1170 1188 1166
f 1169 1170 1166
f 1168 1169 1166
f 1170 1169 1167
f 1187 1170 1167
f 1185 1187 1167
f 1165 1185 1167
f 248 246 126
f 242 248 126
f 241 242 126
f 128 241 126
f 242 241 127
f 247 242 127
f 245 247 127
f 125 245 127
f 1190 1188 1170
f 1174 1190 1170
f 1173 1174 1170
f 1172 1173 1170
f 1174 1173 1171
f 1189 1174 1171
f 1187 1189 1171
f 1169 1187 1171
f 244 242 128
f 238 244 128
f 237 238 128
f 130 237 128
f 238 237 129
f 243 238 129
f 241 243 129
f 127 241 129
f 1192 1190 1174
f 1176 1192 1174
f 1189 1191 1175
f 1173 1189 1175
f 240 238 130
f 234 240 130
f 233 234 130
f 132 233 130
f 234 233 131
f 239 234 131
f 237 239 131
f 129 237 131
f 1216 1214 1194
f 1198 1216 1194
f 1197 1198 1194
f 1196 1197 1194
f 1198 1197 1195
f 1215 1198 1195
f 1213 1215 1195
f 1193 1213 1195
f 236 234 132
f 230 236 132
f 229 230 132
f 134 229 132
f 230 229 133
f 235 230 133
f 233 235 133
f 131 233 133
f 1218 1216 1198
f 1202 1218 1198
f 1201 1202 1198
f 1200 1201 1198
f 1202 1201 1199
f 1217 1202 1199
f 1215 1217 1199
f 1197 1215 1199
f 232 230 134
f 226 232 134
f 225 226 134
f 136 225 134
f 226 225 135
f 231 226 135
f 229 231 135
f 133 229 135
f 1220 1218 1202
f 1204 1220 1202
f 1217 1219 1203
f 1201 1217 1203
f 228 226 136
f 222 228 136
f 221 222 136
f 138 221 136
f 222 221 137
f 227 222 137
f 225 227 137
f 135 225 137
f 1236 1234 1222
f 1224 1236 1222
f 1233 1235 1223
f 1221 1233 1223
f 224 222 138
f 218 224 138
f 217 218 138
f 140 217 138
f 218 217 139
f 223 218 139
f 221 223 139
f 137 221 139
f 220 218 140
f 214 220 140
f 213 214 140
f 142 213 140
f 214 213 141
f 219 214 141
f 217 219 141
f 139 217 141
f 1254 1252 1240
f 1242 1254 1240
f 1251 1253 1241
f 1239 1251 1241
f 216 214 142
f 210 216 142
f 209 210 142
f 144 209 142
f 210 209 143
f 215 210 143
f 213 215 143
f 141 213 143
f 212 210 144
f 206 212 144
f 205 206 144
f 146 205 144
f 206 205 145
f 211 206 145
f 209 211 145
f 143 209 145
f 1272 1270 1258
f 1260 1272 1258
f 1269 1271 1259
f 1257 1269 1259
f 208 206 146
f 202 208 146
f 201 202 146
f 148 201 146
f 202 201 147
f 207 202 147
f 205 207 147
f 145 205 147
f 1292 1290 1274
f 1278 1292 1274
f 1277 1278 1274
f 1276 1277 1274
f 1278 1277 1275
f 1291 1278 1275
f 1289 1291 1275
f 1273 1289 1275
f 204 202 148
f 198 204 148
f 197 198 148
f 150 197 148
f 198 197 149
f 203 198 149
f 201 203 149
f 147 201 149
f 1294 1292 1278
f 1280 1294 1278
f 1291 1293 1279
f 1277 1291 1279
f 200 198 150
f 194 200 150
f 193 194 150
f 152 193 150
f 194 193 151
f 199 194 151
f 197 199 151
f 149 197 151
f 1310 1308 1296
f 1298 1310 1296
f 1307 1309 1297
f 1295 1307 1297
f 196 194 152
f 190 196 152
f 189 190 152
f 154 189 152
f 190 189 153
f 195 190 153
f 193 195 153
f 151 193 153
f 1326 1324 1312
f 1314 1326 1312
f 1323 1325 1313
f 1311 1323 1313
f 192 190 154
f 186 192 154
f 185 186 154
f 156 185 154
f 186 185 155
f 191 186 155
f 189 191 155
f 153 189 155
f 188 186 156
f 182 188 156
f 181 182 156
f 158 181 156
f 182 181 157
f 187 182 157
f 185 187 157
f 155 185 157
f 184 182 158
f 178 184 158
f 177 178 158
f 160 177 158
f 178 177 159
f 183 178 159
f 181 183 159
f 157 181 159
f 1366 1364 1352
f 1354 1366 1352
f 1363 1365 1353
f 1351 1363 1353
f 180 178 160
f 174 180 160
f 173 174 160
f 162 173 160
f 174 173 161
f 179 174 161
f 177 179 161
f 159 177 161
f 176 174 162
f 168 176 162
f 167 168 162
f 164 167 162
f 168 167 163
f 175 168 163
f 173 175 163
f 161 173 163
f 1394 1392 1380
f 1382 1394 1380
f 1391 1393 1381
f 1379 1391 1381
f 169 168 164
f 170 169 164
f 172 170 164
f 166 172 164
f 170 171 165
f 169 170 165
f 167 169 165
f 163 167 165
f 1408 1406 170
f 172 1408 170
f 1405 1407 171
f 169 1405 171
f 1596 1595 9
f 10 1596 9
f 562 561 549
f 550 562 549
f 1592 1591 1583
f 1584 1592 1583
f 576 575 563
f 564 576 563
f 1586 1585 1573
f 1574 1586 1573
f 586 585 577
f 578 586 577
f 1576 1575 1563
f 1564 1576 1563
f 600 599 587
f 588 600 587
f 1566 1565 1553
f 1554 1566 1553
f 610 609 601
f 602 610 601
f 1556 1555 1543
f 1544 1556 1543
f 624 623 611
f 612 624 611
f 1546 1545 1533
f 1534 1546 1533
f 638 637 625
f 626 638 625
f 1536 1535 1523
f 1524 1536 1523
f 648 647 639
f 640 648 639
f 1526 1525 1513
f 1514 1526 1513
f 662 661 649
f 650 662 649
f 1516 1515 1503
f 1504 1516 1503
f 672 671 663
f 664 672 663
f 1506 1505 1493
f 1494 1506 1493
f 686 685 673
f 674 686 673
f 1496 1495 1483
f 1484 1496 1483
f 696 695 687
f 688 696 687
f 1486 1485 1473
f 1474 1486 1473
f 710 709 697
f 698 710 697
f 1476 1475 1463
f 1464 1476 1463
f 724 723 711
f 712 724 711
f 1466 1465 1453
f 1454 1466 1453
f 734 733 725
f 726 734 725
f 1456 1455 1443
f 1444 1456 1443
f 748 747 735
f 736 748 735
f 1446 1445 1433
f 1434 1446 1433
f 758 757 749
f 750 758 749
f 1436 1435 1423
f 1424 1436 1423
f 772 771 759
f 760 772 759
f 1426 1425 1413
f 1414 1426 1413
f 786 785 773
f 774 786 773
f 1416 1415 1399
f 1400 1416 1399
f 800 799 787
f 788 800 787
f 1402 1401 1387
f 1388 1402 1387
f 814 813 801
f 802 814 801
f 1390 1389 1371
f 1372 1390 1371
f 824 823 815
f 816 824 815
f 1374 1373 1359
f 1360 1374 1359
f 842 841 825
f 826 842 825
f 1362 1361 1345
f 1346 1362 1345
f 852 851 843
f 844 852 843
f 1348 1347 1333
f 1334 1348 1333
f 866 865 853
f 854 866 853
f 1336 1335 1319
f 1320 1336 1319
f 884 883 867
f 868 884 867
f 1322 1321 1303
f 1304 1322 1303
f 898 897 885
f 886 898 885
f 1306 1305 1285
f 1286 1306 1285
f 912 911 899
f 900 912 899
f 1288 1287 1265
f 1266 1288 1265
f 930 929 913
f 914 930 913
f 1268 1267 1247
f 1248 1268 1247
f 948 947 931
f 932 948 931
f 1250 1249 1229
f 1230 1250 1229
f 1028 1027 949
f 950 1028 949
f 1232 1231 1209
f 1210 1232 1209
f 1052 1051 1029
f 1030 1052 1029
f 1212 1211 1181
f 1182 1212 1181
f 1080 1079 1053
f 1054 1080 1053
f 1184 1183 1137
f 1138 1184 1137
f 1140 1139 1081
f 1082 1140 1081
f 500 499 17
f 18 500 17
f 954 953 21
f 22 954 21
f 1406 1405 169
f 170 1406 169
f 16 15 429
f 430 16 429
f 1076 1075 1133
f 1134 1076 1133
f 1048 1047 1077
f 1078 1048 1077
f 1136 1135 1177
f 1178 1136 1177
f 1024 1023 1049
f 1050 1024 1049
f 1180 1179 1205
f 1206 1180 1205
f 944 943 1025
f 1026 944 1025
f 1208 1207 1225
f 1226 1208 1225
f 926 925 945
f 946 926 945
f 1228 1227 1243
f 1244 1228 1243
f 908 907 927
f 928 908 927
f 1246 1245 1261
f 1262 1246 1261
f 894 893 909
f 910 894 909
f 1264 1263 1281
f 1282 1264 1281
f 880 879 895
f 896 880 895
f 1284 1283 1299
f 1300 1284 1299
f 862 861 881
f 882 862 881
f 1302 1301 1315
f 1316 1302 1315
f 848 847 863
f 864 848 863
f 1318 1317 1329
f 1330 1318 1329
f 838 837 849
f 850 838 849
f 1332 1331 1341
f 1342 1332 1341
f 820 819 839
f 840 820 839
f 1344 1343 1355
f 1356 1344 1355
f 810 809 821
f 822 810 821
f 1358 1357 1367
f 1368 1358 1367
f 796 795 811
f 812 796 811
f 1370 1369 1383
f 1384 1370 1383
f 782 781 797
f 798 782 797
f 1386 1385 1395
f 1396 1386 1395
f 768 767 783
f 784 768 783
f 1398 1397 1409
f 1410 1398 1409
f 754 753 769
f 770 754 769
f 1412 1411 1419
f 1420 1412 1419
f 744 743 755
f 756 744 755
f 1422 1421 1429
f 1430 1422 1429
f 730 729 745
f 746 730 745
f 1432 1431 1439
f 1440 1432 1439
f 720 719 731
f 732 720 731
f 1442 1441 1449
f 1450 1442 1449
f 706 705 721
f 722 706 721
f 1452 1451 1459
f 1460 1452 1459
f 692 691 707
f 708 692 707
f 1462 1461 1469
f 1470 1462 1469
f 682 681 693
f 694 682 693
f 1472 1471 1479
f 1480 1472 1479
f 668 667 683
f 684 668 683
f 1482 1481 1489
f 1490 1482 1489
f 658 657 669
f 670 658 669
f 1492 1491 1499
f 1500 1492 1499
f 644 643 659
f 660 644 659
f 1502 1501 1509
f 1510 1502 1509
f 634 633 645
f 646 634 645
f 1512 1511 1519
f 1520 1512 1519
f 620 619 635
f 636 620 635
f 1522 1521 1529
f 1530 1522 1529
f 606 605 621
f 622 606 621
f 1532 1531 1539
f 1540 1532 1539
f 596 595 607
f 608 596 607
f 1542 1541 1549
f 1550 1542 1549
f 582 581 597
f 598 582 597
f 1552 1551 1559
f 1560 1552 1559
f 572 571 583
f 584 572 583
f 1562 1561 1569
f 1570 1562 1569
f 558 557 573
f 574 558 573
f 1572 1571 1579
f 1580 1572 1579
f 548 547 559
f 560 548 559
f 1582 1581 1589
f 1590 1582 1589
f 933 934 951
f 916 933 951
f 915 916 951
f 902 915 951
f 901 902 951
f 888 901 951
f 887 888 951
f 870 887 951
f 869 870 951
f 856 869 951
f 855 856 951
f 846 855 951
f 845 846 951
f 828 845 951
f 827 828 951
f 818 827 951
f 817 818 951
f 804 817 951
f 803 804 951
f 790 803 951
f 789 790 951
f 776 789 951
f 775 776 951
f 762 775 951
f 761 762 951
f 752 761 951
f 751 752 951
f 738 751 951
f 737 738 951
f 728 737 951
f 727 728 951
f 714 727 951
f 713 714 951
f 700 713 951
f 699 700 951
f 690 699 951
f 689 690 951
f 676 689 951
f 675 676 951
f 666 675 951
f 665 666 951
f 652 665 951
f 651 652 951
f 642 651 951
f 641 642 951
f 628 641 951
f 627 628 951
f 614 627 951
f 613 614 951
f 604 613 951
f 603 604 951
f 590 603 951
f 589 590 951
f 580 589 951
f 579 580 951
f 566 579 951
f 565 566 951
f 552 565 951
f 551 552 951
f 502 551 951
f 501 502 951
f 19 501 951
f 20 19 951
f 501 20 951
f 502 501 951
f 551 502 951
f 552 551 951
f 565 552 951
f 566 565 951
f 579 566 951
f 580 579 951
f 589 580 951
f 590 589 951
f 603 590 951
f 604 603 951
f 613 604 951
f 614 613 951
f 627 614 951
f 628 627 951
f 641 628 951
f 642 641 951
f 651 642 951
f 652 651 951
f 665 652 951
f 666 665 951
f 675 666 951
f 676 675 951
f 689 676 951
f 690 689 951
f 699 690 951
f 700 699 951
f 713 700 951
f 714 713 951
f 727 714 951
f 728 727 951
f 737 728 951
f 738 737 951
f 751 738 951
f 752 751 951
f 761 752 951
f 762 761 951
f 775 762 951
f 776 775 951
f 789 776 951
f 790 789 951
f 803 790 951
f 804 803 951
f 817 804 951
f 818 817 951
f 827 818 951
f 828 827 951
f 845 828 951
f 846 845 951
f 855 846 951
f 856 855 951
f 869 856 951
f 870 869 951
f 887 870 951
f 888 887 951
f 901 888 951
f 902 901 951
f 915 902 951
f 916 915 951
f 933 916 951
f 934 933 951
f 933 934 951
f 916 933 951
f 915 916 951
f 902 915 951
f 901 902 951
f 888 901 951
f 887 888 951
f 870 887 951
f 869 870 951
f 856 869 951
f 855 856 951
f 846 855 951
f 845 846 951
f 828 845 951
f 827 828 951
f 818 827 951
f 817 818 951
f 804 817 951
f 803 804 951
f 790 803 951
f 789 790 951
f 776 789 951
f 775 776 951
f 762 775 951
f 761 762 951
f 752 761 951
f 751 752 951
f 738 751 951
f 737 738 951
f 728 737 951
f 727 728 951
f 714 727 951
f 713 714 951
f 700 713 951
f 699 700 951
f 690 699 951
f 689 690 951
f 676 689 951
f 675 676 951
f 666 675 951
f 665 666 951
f 652 665 951
f 651 652 951
f 642 651 951
f 641 642 951
f 628 641 951
f 627 628 951
f 614 627 951
f 613 614 951
f 604 613 951
f 603 604 951
f 590 603 951
f 589 590 951
f 580 589 951
f 579 580 951
f 566 579 951
f 565 566 951
f 552 565 951
f 551 552 951
f 502 551 951
f 501 502 951
f 20 501 951
f 501 20 951
f 502 501 951
f 551 502 951
f 552 551 951
f 565 552 951
f 566 565 951
f 579 566 951
f 580 579 951
f 589 580 951
f 590 589 951
f 603 590 951
f 604 603 951
f 613 604 951
f 614 613 951
f 627 614 951
f 628 627 951
f 641 628 951
f 642 641 951
f 651 642 951
f 652 651 951
f 665 652 951
f 666 665 951
f 675 666 951
f 676 675 951
f 689 676 951
f 690 689 951
f 699 690 951
f 700 699 951
f 713 700 951
f 714 713 951
f 727 714 951
f 728 727 951
f 737 728 951
f 738 737 951
f 751 738 951
f 752 751 951
f 761 752 951
f 762 761 951
f 775 762 951
f 776 775 951
f 789 776 951
f 790 789 951
f 803 790 951
f 804 803 951
f 817 804 951
f 818 817 951
f 827 818 951
f 828 827 951
f 845 828 951
f 846 845 951
f 855 846 951
f 856 855 951
f 869 856 951
f 870 869 951
f 887 870 951
f 888 887 951
f 901 888 951
f 902 901 951
f 915 902 951
f 916 915 951
f 933 916 951
f 934 933 951
f 952 934 951
f 524 523 527
f 528 524 527
f 520 519 525
f 526 520 525
f 530 529 531
f 532 530 531
f 516 515 521
f 522 516 521
f 534 533 535
f 536 534 535
f 512 511 517
f 518 512 517
f 538 537 539
f 540 538 539
f 508 507 513
f 514 508 513
f 542 541 543
f 544 542 543
f 504 503 509
f 510 504 509
f 546 545 553
f 554 546 553
f 426 425 505
f 506 426 505
f 556 555 567
f 568 556 567
f 422 421 427
f 428 422 427
f 570 569 591
f 592 570 591
f 418 417 423
f 424 418 423
f 594 593 615
f 616 594 615
f 414 413 419
f 420 414 419
f 618 617 629
f 630 618 629
f 410 409 415
f 416 410 415
f 632 631 653
f 654 632 653
f 406 405 411
f 412 406 411
f 656 655 677
f 678 656 677
f 402 401 407
f 408 402 407
f 680 679 701
f 702 680 701
f 398 397 403
f 404 398 403
f 704 703 715
f 716 704 715
f 394 393 399
f 400 394 399
f 718 717 739
f 740 718 739
f 390 389 395
f 396 390 395
f 742 741 763
f 764 742 763
f 386 385 391
f 392 386 391
f 766 765 777
f 778 766 777
f 382 381 387
f 388 382 387
f 780 779 791
f 792 780 791
f 378 377 383
f 384 378 383
f 794 793 805
f 806 794 805
f 374 373 379
f 380 374 379
f 808 807 829
f 830 808 829
f 370 369 375
f 376 370 375
f 832 831 833
f 834 832 833
f 366 365 371
f 372 366 371
f 836 835 857
f 858 836 857
f 362 361 367
f 368 362 367
f 860 859 871
f 872 860 871
f 358 357 363
f 364 358 363
f 874 873 875
f 876 874 875
f 354 353 359
f 360 354 359
f 878 877 889
f 890 878 889
f 350 349 355
f 356 350 355
f 892 891 903
f 904 892 903
f 346 345 351
f 352 346 351
f 906 905 917
f 918 906 917
f 342 341 347
f 348 342 347
f 920 919 921
f 922 920 921
f 338 337 343
f 344 338 343
f 924 923 935
f 936 924 935
f 334 333 339
f 340 334 339
f 938 937 939
f 940 938 939
f 330 329 335
f 336 330 335
f 942 941 1015
f 1016 942 1015
f 326 325 331
f 332 326 331
f 1018 1017 1019
f 1020 1018 1019
f 322 321 327
f 328 322 327
f 1033 1034 1035
f 1021 1033 1035
f 1022 1021 1035
f 1033 1022 1035
f 1034 1033 1035
f 1033 1034 1035
f 1022 1033 1035
f 1033 1022 1035
f 1034 1033 1035
f 1036 1034 1035
f 318 317 323
f 324 318 323
f 1038 1037 1039
f 1040 1038 1039
f 314 313 319
f 320 314 319
f 1042 1041 1043
f 1044 1042 1043
f 310 309 315
f 316 310 315
f 1061 1062 1063
f 1045 1061 1063
f 1046 1045 1063
f 1061 1046 1063
f 1062 1061 1063
f 1061 1062 1063
f 1046 1061 1063
f 1061 1046 1063
f 1062 1061 1063
f 1064 1062 1063
f 306 305 311
f 312 306 311
f 1066 1065 1067
f 1068 1066 1067
f 302 301 307
f 308 302 307
f 1070 1069 1071
f 1072 1070 1071
f 298 297 303
f 304 298 303
f 1074 1073 1089
f 1090 1074 1089
f 294 293 299
f 300 294 299
f 1092 1091 1093
f 1094 1092 1093
f 290 289 295
f 296 290 295
f 1096 1095 1097
f 1098 1096 1097
f 286 285 291
f 292 286 291
f 1100 1099 1101
f 1102 1100 1101
f 282 281 287
f 288 282 287
f 1104 1103 1105
f 1106 1104 1105
f 278 277 283
f 284 278 283
f 1108 1107 1109
f 1110 1108 1109
f 274 273 279
f 280 274 279
f 1112 1111 1113
f 1114 1112 1113
f 270 269 275
f 276 270 275
f 1116 1115 1117
f 1118 1116 1117
f 266 265 271
f 272 266 271
f 1120 1119 1121
f 1122 1120 1121
f 262 261 267
f 268 262 267
f 1124 1123 1125
f 1126 1124 1125
f 258 257 263
f 264 258 263
f 1128 1127 1129
f 1130 1128 1129
f 254 253 259
f 260 254 259
f 1132 1131 1161
f 1162 1132 1161
f 250 249 255
f 256 250 255
f 1164 1163 1165
f 1166 1164 1165
f 246 245 251
f 252 246 251
f 1168 1167 1169
f 1170 1168 1169
f 242 241 247
f 248 242 247
f 1172 1171 1173
f 1174 1172 1173
f 238 237 243
f 244 238 243
f 1191 1192 1193
f 1175 1191 1193
f 1176 1175 1193
f 1191 1176 1193
f 1192 1191 1193
f 1191 1192 1193
f 1176 1191 1193
f 1191 1176 1193
f 1192 1191 1193
f 1194 1192 1193
f 234 233 239
f 240 234 239
f 1196 1195 1197
f 1198 1196 1197
f 230 229 235
f 236 230 235
f 1200 1199 1201
f 1202 1200 1201
f 226 225 231
f 232 226 231
f 1219 1220 1221
f 1203 1219 1221
f 1204 1203 1221
f 1219 1204 1221
f 1220 1219 1221
f 1219 1220 1221
f 1204 1219 1221
f 1219 1204 1221
f 1220 1219 1221
f 1222 1220 1221
f 222 221 227
f 228 222 227
f 1224 1223 1235
f 1236 1224 1235
f 218 217 223
f 224 218 223
f 1238 1237 1239
f 1240 1238 1239
f 214 213 219
f 220 214 219
f 1242 1241 1253
f 1254 1242 1253
f 210 209 215
f 216 210 215
f 1256 1255 1257
f 1258 1256 1257
f 206 205 211
f 212 206 211
f 1271 1272 1273
f 1259 1271 1273
f 1260 1259 1273
f 1271 1260 1273
f 1272 1271 1273
f 1271 1272 1273
f 1260 1271 1273
f 1271 1260 1273
f 1272 1271 1273
f 1274 1272 1273
f 202 201 207
f 208 202 207
f 1276 1275 1277
f 1278 1276 1277
f 198 197 203
f 204 198 203
f 1293 1294 1295
f 1279 1293 1295
f 1280 1279 1295
f 1293 1280 1295
f 1294 1293 1295
f 1293 1294 1295
f 1280 1293 1295
f 1293 1280 1295
f 1294 1293 1295
f 1296 1294 1295
f 194 193 199
f 200 194 199
f 1309 1310 1311
f 1297 1309 1311
f 1298 1297 1311
f 1309 1298 1311
f 1310 1309 1311
f 1309 1310 1311
f 1298 1309 1311
f 1309 1298 1311
f 1310 1309 1311
f 1312 1310 1311
f 190 189 195
f 196 190 195
f 1314 1313 1325
f 1326 1314 1325
f 186 185 191
f 192 186 191
f 1328 1327 1337
f 1338 1328 1337
f 182 181 187
f 188 182 187
f 1349 1350 1351
f 1339 1349 1351
f 1340 1339 1351
f 1349 1340 1351
f 1350 1349 1351
f 1349 1350 1351
f 1340 1349 1351
f 1349 1340 1351
f 1350 1349 1351
f 1352 1350 1351
f 178 177 183
f 184 178 183
f 1365 1366 1375
f 1353 1365 1375
f 1354 1353 1375
f 1365 1354 1375
f 1366 1365 1375
f 1365 1366 1375
f 1354 1365 1375
f 1365 1354 1375
f 1366 1365 1375
f 1376 1366 1375
f 174 173 179
f 180 174 179
f 1378 1377 1379
f 1380 1378 1379
f 168 167 175
f 176 168 175
f 1393 1394 1403
f 1381 1393 1403
f 1382 1381 1403
f 1393 1382 1403
f 1394 1393 1403
f 1393 1394 1403
f 1382 1393 1403
f 1393 1382 1403
f 1394 1393 1403
f 1404 1394 1403
f 1593 1594 1667
f 1588 1593 1667
f 1587 1588 1667
f 1578 1587 1667
f 1577 1578 1667
f 1568 1577 1667
f 1567 1568 1667
f 1558 1567 1667
f 1557 1558 1667
f 1548 1557 1667
f 1547 1548 1667
f 1538 1547 1667
f 1537 1538 1667
f 1528 1537 1667
f 1527 1528 1667
f 1518 1527 1667
f 1517 1518 1667
f 1508 1517 1667
f 1507 1508 1667
f 1498 1507 1667
f 1497 1498 1667
f 1488 1497 1667
f 1487 1488 1667
f 1478 1487 1667
f 1477 1478 1667
f 1468 1477 1667
f 1467 1468 1667
f 1458 1467 1667
f 1457 1458 1667
f 1448 1457 1667
f 1447 1448 1667
f 1438 1447 1667
f 1437 1438 1667
f 1428 1437 1667
f 1427 1428 1667
f 1418 1427 1667
f 1417 1418 1667
f 1408 1417 1667
f 1407 1408 1667
f 172 1407 1667
f 171 172 1667
f 166 171 1667
f 165 166 1667
f 13 165 1667
f 14 13 1667
f 165 14 1667
f 166 165 1667
f 171 166 1667
f 172 171 1667
f 1407 172 1667
f 1408 1407 1667
f 1417 1408 1667
f 1418 1417 1667
f 1427 1418 1667
f 1428 1427 1667
f 1437 1428 1667
f 1438 1437 1667
f 1447 1438 1667
f 1448 1447 1667
f 1457 1448 1667
f 1458 1457 1667
f 1467 1458 1667
f 1468 1467 1667
f 1477 1468 1667
f 1478 1477 1667
f 1487 1478 1667
f 1488 1487 1667
f 1497 1488 1667
f 1498 1497 1667
f 1507 1498 1667
f 1508 1507 1667
f 1517 1508 1667
f 1518 1517 1667
f 1527 1518 1667
f 1528 1527 1667
f 1537 1528 1667
f 1538 1537 1667
f 1547 1538 1667
f 1548 1547 1667
f 1557 1548 1667
f 1558 1557 1667
f 1567 1558 1667
f 1568 1567 1667
f 1577 1568 1667
f 1578 1577 1667
f 1587 1578 1667
f 1588 1587 1667
f 1593 1588 1667
f 1594 1593 1667
f 1593 1594 1667
f 1588 1593 1667
f 1587 1588 1667
f 1578 1587 1667
f 1577 1578 1667
f 1568 1577 1667
f 1567 1568 1667
f 1558 1567 1667
f 1557 1558 1667
f 1548 1557 1667
f 1547 1548 1667
f 1538 1547 1667
f 1537 1538 1667
f 1528 1537 1667
f 1527 1528 1667
f 1518 1527 1667
f 1517 1518 1667
f 1508 1517 1667
f 1507 1508 1667
f 1498 1507 1667
f 1497 1498 1667
f 1488 1497 1667
f 1487 1488 1667
f 1478 1487 1667
f 1477 1478 1667
f 1468 1477 1667
f 1467 1468 1667
f 1458 1467 1667
f 1457 1458 1667
f 1448 1457 1667
f 1447 1448 1667
f 1438 1447 1667
f 1437 1438 1667
f 1428 1437 1667
f 1427 1428 1667
f 1418 1427 1667
f 1417 1418 1667
f 1408 1417 1667
f 1407 1408 1667
f 172 1407 1667
f 171 172 1667
f 166 171 1667
f 165 166 1667
f 14 165 1667
f 165 14 1667
f 166 165 1667
f 171 166 1667
f 172 171 1667
f 1407 172 1667
f 1408 1407 1667
f 1417 1408 1667
f 1418 1417 1667
f 1427 1418 1667
f 1428 1427 1667
f 1437 1428 1667
f 1438 1437 1667
f 1447 1438 1667
f 1448 1447 1667
f 1457 1448 1667
f 1458 1457 1667
f 1467 1458 1667
f 1468 1467 1667
f 1477 1468 1667
f 1478 1477 1667
f 1487 1478 1667
f 1488 1487 1667
f 1497 1488 1667
f 1498 1497 1667
f 1507 1498 1667
f 1508 1507 1667
f 1517 1508 1667
f 1518 1517 1667
f 1527 1518 1667
f 1528 1527 1667
f 1537 1528 1667
f 1538 1537 1667
f 1547 1538 1667
f 1548 1547 1667
f 1557 1548 1667
f 1558 1557 1667
f 1567 1558 1667
f 1568 1567 1667
f 1577 1568 1667
f 1578 1577 1667
f 1587 1578 1667
f 1588 1587 1667
f 1593 1588 1667
f 1594 1593 1667
f 1668 1594 1667
f 11 12 13
f 9 11 13
f 10 9 13
f 11 10 13
f 12 11 13
f 11 12 13
f 10 11 13
f 11 10 13
f 12 11 13
f 14 12 13
f 497 498 499
f 496 497 499
f 495 496 499
f 494 495 499
f 493 494 499
f 492 493 499
f 491 492 499
f 490 491 499
f 489 490 499
f 488 489 499
f 487 488 499
f 486 487 499
f 485 486 499
f 484 485 499
f 483 484 499
f 482 483 499
f 481 482 499
f 480 481 499
f 479 480 499
f 478 479 499
f 477 478 499
f 476 477 499
f 475 476 499
f 474 475 499
f 473 474 499
f 472 473 499
f 471 472 499
f 470 471 499
f 469 470 499
f 468 469 499
f 467 468 499
f 466 467 499
f 465 466 499
f 464 465 499
f 463 464 499
f 462 463 499
f 461 462 499
f 460 461 499
f 459 460 499
f 458 459 499
f 457 458 499
f 456 457 499
f 455 456 499
f 454 455 499
f 453 454 499
f 452 453 499
f 451 452 499
f 450 451 499
f 449 450 499
f 448 449 499
f 447 448 499
f 446 447 499
f 445 446 499
f 444 445 499
f 443 444 499
f 442 443 499
f 441 442 499
f 440 441 499
f 439 440 499
f 438 439 499
f 437 438 499
f 436 437 499
f 435 436 499
f 434 435 499
f 433 434 499
f 432 433 499
f 431 432 499
f 429 431 499
f 430 429 499
f 431 430 499
f 432 431 499
f 433 432 499
f 434 433 499
f 435 434 499
f 436 435 499
f 437 436 499
f 438 437 499
f 439 438 499
f 440 439 499
f 441 440 499
f 442 441 499
f 443 442 499
f 444 443 499
f 445 444 499
f 446 445 499
f 447 446 499
f 448 447 499
f 449 448 499
f 450 449 499
f 451 450 499
f 452 451 499
f 453 452 499
f 454 453 499
f 455 454 499
f 456 455 499
f 457 456 499
f 458 457 499
f 459 458 499
f 460 459 499
f 461 460 499
f 462 461 499
f 463 462 499
f 464 463 499
f 465 464 499
f 466 465 499
f 467 466 499
f 468 467 499
f 469 468 499
f 470 469 499
f 471 470 499
f 472 471 499
f 473 472 499
f 474 473 499
f 475 474 499
f 476 475 499
f 477 476 499
f 478 477 499
f 479 478 499
f 480 479 499
f 481 480 499
f 482 481 499
f 483 482 499
f 484 483 499
f 485 484 499
f 486 485 499
f 487 486 499
f 488 487 499
f 489 488 499
f 490 489 499
f 491 490 499
f 492 491 499
f 493 492 499
f 494 493 499
f 495 494 499
f 496 495 499
f 497 496 499
f 498 497 499
f 497 498 499
f 496 497 499
f 495 496 499
f 494 495 499
f 493 494 499
f 492 493 499
f 491 492 499
f 490 491 499
f 489 490 499
f 488 489 499
f 487 488 499
f 486 487 499
f 485 486 499
f 484 485 499
f 483 484 499
f 482 483 499
f 481 482 499
f 480 481 499
f 479 480 499
f 478 479 499
f 477 478 499
f 476 477 499
f 475 476 499
f 474 475 499
f 473 474 499
f 472 473 499
f 471 472 499
f 470 471 499
f 469 470 499
f 468 469 499
f 467 468 499
f 466 467 499
f 465 466 499
f 464 465 499
f 463 464 499
f 462 463 499
f 461 462 499
f 460 461 499
f 459 460 499
f 458 459 499
f 457 458 499
f 456 457 499
f 455 456 499
f 454 455 499
f 453 454 499
f 452 453 499
f 451 452 499
f 450 451 499
f 449 450 499
f 448 449 499
f 447 448 499
f 446 447 499
f 445 446 499
f 444 445 499
f 443 444 499
f 442 443 499
f 441 442 499
f 440 441 499
f 439 440 499
f 438 439 499
f 437 438 499
f 436 437 499
f 435 436 499
f 434 435 499
f 433 434 499
f 432 433 499
f 431 432 499
f 430 431 499
f 431 430 499
f 432 431 499
f 433 432 499
f 434 433 499
f 435 434 499
f 436 435 499
f 437 436 499
f 438 437 499
f 439 438 499
f 440 439 499
f 441 440 499
f 442 441 499
f 443 442 499
f 444 443 499
f 445 444 499
f 446 445 499
f 447 446 499
f 448 447 499
f 449 448 499
f 450 449 499
f 451 450 499
f 452 451 499
f 453 452 499
f 454 453 499
f 455 454 499
f 456 455 499
f 457 456 499
f 458 457 499
f 459 458 499
f 460 459 499
f 461 460 499
f 462 461 499
f 463 462 499
f 464 463 499
f 465 464 499
f 466 465 499
f 467 466 499
f 468 467 499
f 469 468 499
f 470 469 499
f 471 470 499
f 472 471 499
f 473 472 499
f 474 473 499
f 475 474 499
f 476 475 499
f 477 476 499
f 478 477 499
f 479 478 499
f 480 479 499
f 481 480 499
f 482 481 499
f 483 482 499
f 484 483 499
f 485 484 499
f 486 485 499
f 487 486 499
f 488 487 499
f 489 488 499
f 490 489 499
f 491 490 499
f 492 491 499
f 493 492 499
f 494 493 499
f 495 494 499
f 496 495 499
f 497 496 499
f 498 497 499
f 500 498 499
f 528 527 529
f 530 528 529
f 532 531 533
f 534 532 533
f 536 535 537
f 538 536 537
f 540 539 541
f 542 540 541
f 544 543 545
f 546 544 545
f 554 553 555
f 556 554 555
f 568 567 569
f 570 568 569
f 592 591 593
f 594 592 593
f 616 615 617
f 618 616 617
f 630 629 631
f 632 630 631
f 654 653 655
f 656 654 655
f 678 677 679
f 680 678 679
f 702 701 703
f 704 702 703
f 716 715 717
f 718 716 717
f 740 739 741
f 742 740 741
f 764 763 765
f 766 764 765
f 778 777 779
f 780 778 779
f 792 791 793
f 794 792 793
f 806 805 807
f 808 806 807
f 830 829 831
f 832 830 831
f 834 833 835
f 836 834 835
f 858 857 859
f 860 858 859
f 872 871 873
f 874 872 873
f 876 875 877
f 878 876 877
f 890 889 891
f 892 890 891
f 904 903 905
f 906 904 905
f 918 917 919
f 920 918 919
f 922 921 923
f 924 922 923
f 936 935 937
f 938 936 937
f 940 939 941
f 942 940 941
f 952 951 953
f 954 952 953
f 1016 1015 1017
f 1018 1016 1017
f 1020 1019 1021
f 1022 1020 1021
f 1036 1035 1037
f 1038 1036 1037
f 1040 1039 1041
f 1042 1040 1041
f 1044 1043 1045
f 1046 1044 1045
f 1064 1063 1065
f 1066 1064 1065
f 1068 1067 1069
f 1070 1068 1069
f 1072 1071 1073
f 1074 1072 1073
f 1090 1089 1091
f 1092 1090 1091
f 1094 1093 1095
f 1096 1094 1095
f 1098 1097 1099
f 1100 1098 1099
f 1102 1101 1103
f 1104 1102 1103
f 1106 1105 1107
f 1108 1106 1107
f 1110 1109 1111
f 1112 1110 1111
f 1114 1113 1115
f 1116 1114 1115
f 1118 1117 1119
f 1120 1118 1119
f 1122 1121 1123
f 1124 1122 1123
f 1126 1125 1127
f 1128 1126 1127
f 1130 1129 1131
f 1132 1130 1131
f 1134 1133 1135
f 1136 1134 1135
f 1138 1137 1139
f 1140 1138 1139
f 1162 1161 1163
f 1164 1162 1163
f 1166 1165 1167
f 1168 1166 1167
f 1170 1169 1171
f 1172 1170 1171
f 1174 1173 1175
f 1176 1174 1175
f 1178 1177 1179
f 1180 1178 1179
f 1182 1181 1183
f 1184 1182 1183
f 1194 1193 1195
f 1196 1194 1195
f 1198 1197 1199
f 1200 1198 1199
f 1202 1201 1203
f 1204 1202 1203
f 1206 1205 1207
f 1208 1206 1207
f 1210 1209 1211
f 1212 1210 1211
f 1222 1221 1223
f 1224 1222 1223
f 1226 1225 1227
f 1228 1226 1227
f 1230 1229 1231
f 1232 1230 1231
f 1236 1235 1237
f 1238 1236 1237
f 1240 1239 1241
f 1242 1240 1241
f 1244 1243 1245
f 1246 1244 1245
f 1248 1247 1249
f 1250 1248 1249
f 1254 1253 1255
f 1256 1254 1255
f 1258 1257 1259
f 1260 1258 1259
f 1262 1261 1263
f 1264 1262 1263
f 1266 1265 1267
f 1268 1266 1267
f 1274 1273 1275
f 1276 1274 1275
f 1278 1277 1279
f 1280 1278 1279
f 1282 1281 1283
f 1284 1282 1283
f 1286 1285 1287
f 1288 1286 1287
f 1296 1295 1297
f 1298 1296 1297
f 1300 1299 1301
f 1302 1300 1301
f 1304 1303 1305
f 1306 1304 1305
f 1312 1311 1313
f 1314 1312 1313
f 1316 1315 1317
f 1318 1316 1317
f 1320 1319 1321
f 1322 1320 1321
f 1326 1325 1327
f 1328 1326 1327
f 1330 1329 1331
f 1332 1330 1331
f 1334 1333 1335
f 1336 1334 1335
f 1338 1337 1339
f 1340 1338 1339
f 1342 1341 1343
f 1344 1342 1343
f 1346 1345 1347
f 1348 1346 1347
f 1352 1351 1353
f 1354 1352 1353
f 1356 1355 1357
f 1358 1356 1357
f 1360 1359 1361
f 1362 1360 1361
f 1368 1367 1369
f 1370 1368 1369
f 1372 1371 1373
f 1374 1372 1373
f 1376 1375 1377
f 1378 1376 1377
f 1380 1379 1381
f 1382 1380 1381
f 1384 1383 1385
f 1386 1384 1385
f 1388 1387 1389
f 1390 1388 1389
f 1396 1395 1397
f 1398 1396 1397
f 1400 1399 1401
f 1402 1400 1401
f 1404 1403 1405
f 1406 1404 1405
f 1410 1409 1411
f 1412 1410 1411
f 1414 1413 1415
f 1416 1414 1415
f 1420 1419 1421
f 1422 1420 1421
f 1424 1423 1425
f 1426 1424 1425
f 1430 1429 1431
f 1432 1430 1431
f 1434 1433 1435
f 1436 1434 1435
f 1440 1439 1441
f 1442 1440 1441
f 1444 1443 1445
f 1446 1444 1445
f 1450 1449 1451
f 1452 1450 1451
f 1454 1453 1455
f 1456 1454 1455
f 1460 1459 1461
f 1462 1460 1461
f 1464 1463 1465
f 1466 1464 1465
f 1470 1469 1471
f 1472 1470 1471
f 1474 1473 1475
f 1476 1474 1475
f 1480 1479 1481
f 1482 1480 1481
f 1484 1483 1485
f 1486 1484 1485
f 1490 1489 1491
f 1492 1490 1491
f 1494 1493 1495
f 1496 1494 1495
f 1500 1499 1501
f 1502 1500 1501
f 1504 1503 1505
f 1506 1504 1505
f 1510 1509 1511
f 1512 1510 1511
f 1514 1513 1515
f 1516 1514 1515
f 1520 1519 1521
f 1522 1520 1521
f 1524 1523 1525
f 1526 1524 1525
f 1530 1529 1531
f 1532 1530 1531
f 1534 1533 1535
f 1536 1534 1535
f 1540 1539 1541
f 1542 1540 1541
f 1544 1543 1545
f 1546 1544 1545
f 1550 1549 1551
f 1552 1550 1551
f 1554 1553 1555
f 1556 1554 1555
f 1560 1559 1561
f 1562 1560 1561
f 1564 1563 1565
f 1566 1564 1565
f 1570 1569 1571
f 1572 1570 1571
f 1574 1573 1575
f 1576 1574 1575
f 1580 1579 1581
f 1582 1580 1581
f 1584 1583 1585
f 1586 1584 1585
f 1590 1589 1591
f 1592 1590 1591
f 18 17 15
f 16 18 15
f 22 21 19
f 20 22 19
f 170 169 167
f 168 170 167
f 176 175 173
f 174 176 173
f 180 179 177
f 178 180 177
f 184 183 181
f 182 184 181
f 188 187 185
f 186 188 185
f 192 191 189
f 190 192 189
f 196 195 193
f 194 196 193
f 200 199 197
f 198 200 197
f 204 203 201
f 202 204 201
f 208 207 205
f 206 208 205
f 212 211 209
f 210 212 209
f 216 215 213
f 214 216 213
f 220 219 217
f 218 220 217
f 224 223 221
f 222 224 221
f 228 227 225
f 226 228 225
f 232 231 229
f 230 232 229
f 236 235 233
f 234 236 233
f 240 239 237
f 238 240 237
f 244 243 241
f 242 244 241
f 248 247 245
f 246 248 245
f 252 251 249
f 250 252 249
f 256 255 253
f 254 256 253
f 260 259 257
f 258 260 257
f 264 263 261
f 262 264 261
f 268 267 265
f 266 268 265
f 272 271 269
f 270 272 269
f 276 275 273
f 274 276 273
f 280 279 277
f 278 280 277
f 284 283 281
f 282 284 281
f 288 287 285
f 286 288 285
f 292 291 289
f 290 292 289
f 296 295 293
f 294 296 293
f 300 299 297
f 298 300 297
f 304 303 301
f 302 304 301
f 308 307 305
f 306 308 305
f 312 311 309
f 310 312 309
f 316 315 313
f 314 316 313
f 320 319 317
f 318 320 317
f 324 323 321
f 322 324 321
f 328 327 325
f 326 328 325
f 332 331 329
f 330 332 329
f 336 335 333
f 334 336 333
f 340 339 337
f 338 340 337
f 344 343 341
f 342 344 341
f 348 347 345
f 346 348 345
f 352 351 349
f 350 352 349
f 356 355 353
f 354 356 353
f 360 359 357
f 358 360 357
f 364 363 361
f 362 364 361
f 368 367 365
f 366 368 365
f 372 371 369
f 370 372 369
f 376 375 373
f 374 376 373
f 380 379 377
f 378 380 377
f 384 383 381
f 382 384 381
f 388 387 385
f 386 388 385
f 392 391 389
f 390 392 389
f 396 395 393
f 394 396 393
f 400 399 397
f 398 400 397
f 404 403 401
f 402 404 401
f 408 407 405
f 406 408 405
f 412 411 409
f 410 412 409
f 416 415 413
f 414 416 413
f 420 419 417
f 418 420 417
f 424 423 421
f 422 424 421
f 428 427 425
f 426 428 425
f 506 505 503
f 504 506 503
f 510 509 507
f 508 510 507
f 514 513 511
f 512 514 511
f 518 517 515
f 516 518 515
f 522 521 519
f 520 522 519
f 526 525 523
f 524 526 523
f 550 549 547
f 548 550 547
f 560 559 557
f 558 560 557
f 564 563 561
f 562 564 561
f 574 573 571
f 572 574 571
f 578 577 575
f 576 578 575
f 584 583 581
f 582 584 581
f 588 587 585
f 586 588 585
f 598 597 595
f 596 598 595
f 602 601 599
f 600 602 599
f 608 607 605
f 606 608 605
f 612 611 609
f 610 612 609
f 622 621 619
f 620 622 619
f 626 625 623
f 624 626 623
f 636 635 633
f 634 636 633
f 640 639 637
f 638 640 637
f 646 645 643
f 644 646 643
f 650 649 647
f 648 650 647
f 660 659 657
f 658 660 657
f 664 663 661
f 662 664 661
f 670 669 667
f 668 670 667
f 674 673 671
f 672 674 671
f 684 683 681
f 682 684 681
f 688 687 685
f 686 688 685
f 694 693 691
f 692 694 691
f 698 697 695
f 696 698 695
f 708 707 705
f 706 708 705
f 712 711 709
f 710 712 709
f 722 721 719
f 720 722 719
f 726 725 723
f 724 726 723
f 732 731 729
f 730 732 729
f 736 735 733
f 734 736 733
f 746 745 743
f 744 746 743
f 750 749 747
f 748 750 747
f 756 755 753
f 754 756 753
f 760 759 757
f 758 760 757
f 770 769 767
f 768 770 767
f 774 773 771
f 772 774 771
f 784 783 781
f 782 784 781
f 788 787 785
f 786 788 785
f 798 797 795
f 796 798 795
f 802 801 799
f 800 802 799
f 812 811 809
f 810 812 809
f 816 815 813
f 814 816 813
f 822 821 819
f 820 822 819
f 826 825 823
f 824 826 823
f 840 839 837
f 838 840 837
f 844 843 841
f 842 844 841
f 850 849 847
f 848 850 847
f 854 853 851
f 852 854 851
f 864 863 861
f 862 864 861
f 868 867 865
f 866 868 865
f 882 881 879
f 880 882 879
f 886 885 883
f 884 886 883
f 896 895 893
f 894 896 893
f 900 899 897
f 898 900 897
f 910 909 907
f 908 910 907
f 914 913 911
f 912 914 911
f 928 927 925
f 926 928 925
f 932 931 929
f 930 932 929
f 946 945 943
f 944 946 943
f 950 949 947
f 948 950 947
f 1026 1025 1023
f 1024 1026 1023
f 1030 1029 1027
f 1028 1030 1027
f 1050 1049 1047
f 1048 1050 1047
f 1054 1053 1051
f 1052 1054 1051
f 1078 1077 1075
f 1076 1078 1075
f 1082 1081 1079
f 1080 1082 1079
f 1598 1597 1595
f 1599 1598 1595
f 1600 1599 1595
f 1601 1600 1595
f 1602 1601 1595
f 1603 1602 1595
f 1604 1603 1595
f 1605 1604 1595
f 1606 1605 1595
f 1607 1606 1595
f 1608 1607 1595
f 1609 1608 1595
f 1610 1609 1595
f 1611 1610 1595
f 1612 1611 1595
f 1613 1612 1595
f 1614 1613 1595
f 1615 1614 1595
f 1616 1615 1595
f 1617 1616 1595
f 1618 1617 1595
f 1619 1618 1595
f 1620 1619 1595
f 1621 1620 1595
f 1622 1621 1595
f 1623 1622 1595
f 1624 1623 1595
f 1625 1624 1595
f 1626 1625 1595
f 1627 1626 1595
f 1628 1627 1595
f 1629 1628 1595
f 1630 1629 1595
f 1631 1630 1595
f 1632 1631 1595
f 1633 1632 1595
f 1634 1633 1595
f 1635 1634 1595
f 1636 1635 1595
f 1637 1636 1595
f 1638 1637 1595
f 1639 1638 1595
f 1640 1639 1595
f 1641 1640 1595
f 1642 1641 1595
f 1643 1642 1595
f 1644 1643 1595
f 1645 1644 1595
f 1646 1645 1595
f 1647 1646 1595
f 1648 1647 1595
f 1649 1648 1595
f 1650 1649 1595
f 1651 1650 1595
f 1652 1651 1595
f 1653 1652 1595
f 1654 1653 1595
f 1655 1654 1595
f 1656 1655 1595
f 1657 1656 1595
f 1658 1657 1595
f 1659 1658 1595
f 1660 1659 1595
f 1661 1660 1595
f 1662 1661 1595
f 1663 1662 1595
f 1664 1663 1595
f 1665 1664 1595
f 1666 1665 1595
f 1667 1666 1595
f 1668 1667 1595
f 1666 1668 1595
f 1665 1666 1595
f 1664 1665 1595
f 1663 1664 1595
f 1662 1663 1595
f 1661 1662 1595
f 1660 1661 1595
f 1659 1660 1595
f 1658 1659 1595
f 1657 1658 1595
f 1656 1657 1595
f 1655 1656 1595
f 1654 1655 1595
f 1653 1654 1595
f 1652 1653 1595
f 1651 1652 1595
f 1650 1651 1595
f 1649 1650 1595
f 1648 1649 1595
f 1647 1648 1595
f 1646 1647 1595
f 1645 1646 1595
f 1644 1645 1595
f 1643 1644 1595
f 1642 1643 1595
f 1641 1642 1595
f 1640 1641 1595
f 1639 1640 1595
f 1638 1639 1595
f 1637 1638 1595
f 1636 1637 1595
f 1635 1636 1595
f 1634 1635 1595
f 1633 1634 1595
f 1632 1633 1595
f 1631 1632 1595
f 1630 1631 1595
f 1629 1630 1595
f 1628 1629 1595
f 1627 1628 1595
f 1626 1627 1595
f 1625 1626 1595
f 1624 1625 1595
f 1623 1624 1595
f 1622 1623 1595
f 1621 1622 1595
f 1620 1621 1595
f 1619 1620 1595
f 1618 1619 1595
f 1617 1618 1595
f 1616 1617 1595
f 1615 1616 1595
f 1614 1615 1595
f 1613 1614 1595
f 1612 1613 1595
f 1611 1612 1595
f 1610 1611 1595
f 1609 1610 1595
f 1608 1609 1595
f 1607 1608 1595
f 1606 1607 1595
f 1605 1606 1595
f 1604 1605 1595
f 1603 1604 1595
f 1602 1603 1595
f 1601 1602 1595
f 1600 1601 1595
f 1599 1600 1595
f 1598 1599 1595
f 1597 1598 1595
f 1598 1597 1595
f 1599 1598 1595
f 1600 1599 1595
f 1601 1600 1595
f 1602 1601 1595
f 1603 1602 1595
f 1604 1603 1595
f 1605 1604 1595
f 1606 1605 1595
f 1607 1606 1595
f 1608 1607 1595
f 1609 1608 1595
f 1610 1609 1595
f 1611 1610 1595
f 1612 1611 1595
f 1613 1612 1595
f 1614 1613 1595
f 1615 1614 1595
f 1616 1615 1595
f 1617 1616 1595
f 1618 1617 1595
f 1619 1618 1595
f 1620 1619 1595
f 1621 1620 1595
f 1622 1621 1595
f 1623 1622 1595
f 1624 1623 1595
f 1625 1624 1595
f 1626 1625 1595
f 1627 1626 1595
f 1628 1627 1595
f 1629 1628 1595
f 1630 1629 1595
f 1631 1630 1595
f 1632 1631 1595
f 1633 1632 1595
f 1634 1633 1595
f 1635 1634 1595
f 1636 1635 1595
f 1637 1636 1595
f 1638 1637 1595
f 1639 1638 1595
f 1640 1639 1595
f 1641 1640 1595
f 1642 1641 1595
f 1643 1642 1595
f 1644 1643 1595
f 1645 1644 1595
f 1646 1645 1595
f 1647 1646 1595
f 1648 1647 1595
f 1649 1648 1595
f 1650 1649 1595
f 1651 1650 1595
f 1652 1651 1595
f 1653 1652 1595
f 1654 1653 1595
f 1655 1654 1595
f 1656 1655 1595
f 1657 1656 1595
f 1658 1657 1595
f 1659 1658 1595
f 1660 1659 1595
f 1661 1660 1595
f 1662 1661 1595
f 1663 1662 1595
f 1664 1663 1595
f 1665 1664 1595
f 1666 1665 1595
f 1668 1666 1595
f 1666 1668 1595
f 1665 1666 1595
f 1664 1665 1595
f 1663 1664 1595
f 1662 1663 1595
f 1661 1662 1595
f 1660 1661 1595
f 1659 1660 1595
f 1658 1659 1595
f 1657 1658 1595
f 1656 1657 1595
f 1655 1656 1595
f 1654 1655 1595
f 1653 1654 1595
f 1652 1653 1595
f 1651 1652 1595
f 1650 1651 1595
f 1649 1650 1595
f 1648 1649 1595
f 1647 1648 1595
f 1646 1647 1595
f 1645 1646 1595
f 1644 1645 1595
f 1643 1644 1595
f 1642 1643 1595
f 1641 1642 1595
f 1640 1641 1595
f 1639 1640 1595
f 1638 1639 1595
f 1637 1638 1595
f 1636 1637 1595
f 1635 1636 1595
f 1634 1635 1595
f 1633 1634 1595
f 1632 1633 1595
f 1631 1632 1595
f 1630 1631 1595
f 1629 1630 1595
f 1628 1629 1595
f 1627 1628 1595
f 1626 1627 1595
f 1625 1626 1595
f 1624 1625 1595
f 1623 1624 1595
f 1622 1623 1595
f 1621 1622 1595
f 1620 1621 1595
f 1619 1620 1595
f 1618 1619 1595
f 1617 1618 1595
f 1616 1617 1595
f 1615 1616 1595
f 1614 1615 1595
f 1613 1614 1595
f 1612 1613 1595
f 1611 1612 1595
f 1610 1611 1595
f 1609 1610 1595
f 1608 1609 1595
f 1607 1608 1595
f 1606 1607 1595
f 1605 1606 1595
f 1604 1605 1595
f 1603 1604 1595
f 1602 1603 1595
f 1601 1602 1595
f 1600 1601 1595
f 1599 1600 1595
f 1598 1599 1595
f 1597 1598 1595
f 1596 1597 1595
g 02__C8342E_大简_PETG_HF_红
usemtl part_02_C8342E
f 1676 1674 1670
f 1672 1676 1670
f 1673 1675 1671
f 1669 1673 1671
f 1674 1673 1669
f 1670 1674 1669
f 1672 1671 1675
f 1676 1672 1675
f 1670 1669 1671
f 1672 1670 1671
f 1676 1675 1673
f 1674 1676 1673
g 03__D9A441_大简_PETG_HF_金
usemtl part_03_D9A441
f 1947 1946 1938
f 1948 1947 1938
f 1949 1948 1938
f 1950 1949 1938
f 1952 1950 1938
f 1944 1952 1938
f 1942 1944 1938
f 1941 1942 1938
f 1940 1941 1938
f 1939 1940 1938
f 1950 1951 1943
f 1949 1950 1943
f 1948 1949 1943
f 1947 1948 1943
f 1945 1947 1943
f 1937 1945 1943
f 1939 1937 1943
f 1940 1939 1943
f 1941 1940 1943
f 1942 1941 1943
f 1942 1940 1930
f 1936 1942 1930
f 1934 1936 1930
f 1933 1934 1930
f 1932 1933 1930
f 1931 1932 1930
f 1939 1941 1935
f 1929 1939 1935
f 1931 1929 1935
f 1932 1931 1935
f 1933 1932 1935
f 1934 1933 1935
f 1955 1954 1948
f 1956 1955 1948
f 1957 1956 1948
f 1958 1957 1948
f 1960 1958 1948
f 1950 1960 1948
f 1958 1959 1949
f 1957 1958 1949
f 1956 1957 1949
f 1955 1956 1949
f 1953 1955 1949
f 1947 1953 1949
f 1934 1932 1922
f 1928 1934 1922
f 1926 1928 1922
f 1925 1926 1922
f 1924 1925 1922
f 1923 1924 1922
f 1931 1933 1927
f 1921 1931 1927
f 1923 1921 1927
f 1924 1923 1927
f 1925 1924 1927
f 1926 1925 1927
f 1963 1962 1956
f 1964 1963 1956
f 1965 1964 1956
f 1966 1965 1956
f 1968 1966 1956
f 1958 1968 1956
f 1966 1967 1957
f 1965 1966 1957
f 1964 1965 1957
f 1963 1964 1957
f 1961 1963 1957
f 1955 1961 1957
f 1926 1924 1914
f 1920 1926 1914
f 1918 1920 1914
f 1917 1918 1914
f 1916 1917 1914
f 1915 1916 1914
f 1923 1925 1919
f 1913 1923 1919
f 1915 1913 1919
f 1916 1915 1919
f 1917 1916 1919
f 1918 1917 1919
f 1971 1970 1964
f 1972 1971 1964
f 1973 1972 1964
f 1974 1973 1964
f 1976 1974 1964
f 1966 1976 1964
f 1974 1975 1965
f 1973 1974 1965
f 1972 1973 1965
f 1971 1972 1965
f 1969 1971 1965
f 1963 1969 1965
f 1918 1916 1906
f 1912 1918 1906
f 1910 1912 1906
f 1909 1910 1906
f 1908 1909 1906
f 1907 1908 1906
f 1915 1917 1911
f 1905 1915 1911
f 1907 1905 1911
f 1908 1907 1911
f 1909 1908 1911
f 1910 1909 1911
f 1979 1978 1972
f 1980 1979 1972
f 1981 1980 1972
f 1982 1981 1972
f 1984 1982 1972
f 1974 1984 1972
f 1982 1983 1973
f 1981 1982 1973
f 1980 1981 1973
f 1979 1980 1973
f 1977 1979 1973
f 1971 1977 1973
f 1910 1908 1898
f 1904 1910 1898
f 1902 1904 1898
f 1901 1902 1898
f 1900 1901 1898
f 1899 1900 1898
f 1907 1909 1903
f 1897 1907 1903
f 1899 1897 1903
f 1900 1899 1903
f 1901 1900 1903
f 1902 1901 1903
f 1987 1986 1980
f 1988 1987 1980
f 1989 1988 1980
f 1990 1989 1980
f 1992 1990 1980
f 1982 1992 1980
f 1990 1991 1981
f 1989 1990 1981
f 1988 1989 1981
f 1987 1988 1981
f 1985 1987 1981
f 1979 1985 1981
f 1902 1900 1890
f 1896 1902 1890
f 1894 1896 1890
f 1893 1894 1890
f 1892 1893 1890
f 1891 1892 1890
f 1899 1901 1895
f 1889 1899 1895
f 1891 1889 1895
f 1892 1891 1895
f 1893 1892 1895
f 1894 1893 1895
f 1995 1994 1988
f 1996 1995 1988
f 1997 1996 1988
f 1998 1997 1988
f 2000 1998 1988
f 1990 2000 1988
f 1998 1999 1989
f 1997 1998 1989
f 1996 1997 1989
f 1995 1996 1989
f 1993 1995 1989
f 1987 1993 1989
f 1894 1892 1882
f 1888 1894 1882
f 1886 1888 1882
f 1885 1886 1882
f 1884 1885 1882
f 1883 1884 1882
f 1891 1893 1887
f 1881 1891 1887
f 1883 1881 1887
f 1884 1883 1887
f 1885 1884 1887
f 1886 1885 1887
f 2003 2002 1996
f 2004 2003 1996
f 2005 2004 1996
f 2006 2005 1996
f 2008 2006 1996
f 1998 2008 1996
f 2006 2007 1997
f 2005 2006 1997
f 2004 2005 1997
f 2003 2004 1997
f 2001 2003 1997
f 1995 2001 1997
f 1886 1884 1874
f 1880 1886 1874
f 1878 1880 1874
f 1877 1878 1874
f 1876 1877 1874
f 1875 1876 1874
f 1883 1885 1879
f 1873 1883 1879
f 1875 1873 1879
f 1876 1875 1879
f 1877 1876 1879
f 1878 1877 1879
f 2011 2010 2004
f 2012 2011 2004
f 2013 2012 2004
f 2014 2013 2004
f 2016 2014 2004
f 2006 2016 2004
f 2014 2015 2005
f 2013 2014 2005
f 2012 2013 2005
f 2011 2012 2005
f 2009 2011 2005
f 2003 2009 2005
f 1878 1876 1866
f 1872 1878 1866
f 1870 1872 1866
f 1869 1870 1866
f 1868 1869 1866
f 1867 1868 1866
f 1875 1877 1871
f 1865 1875 1871
f 1867 1865 1871
f 1868 1867 1871
f 1869 1868 1871
f 1870 1869 1871
f 2019 2018 2012
f 2020 2019 2012
f 2021 2020 2012
f 2022 2021 2012
f 2024 2022 2012
f 2014 2024 2012
f 2022 2023 2013
f 2021 2022 2013
f 2020 2021 2013
f 2019 2020 2013
f 2017 2019 2013
f 2011 2017 2013
f 1870 1868 1858
f 1864 1870 1858
f 1862 1864 1858
f 1861 1862 1858
f 1860 1861 1858
f 1859 1860 1858
f 1867 1869 1863
f 1857 1867 1863
f 1859 1857 1863
f 1860 1859 1863
f 1861 1860 1863
f 1862 1861 1863
f 2027 2026 2020
f 2028 2027 2020
f 2029 2028 2020
f 2030 2029 2020
f 2032 2030 2020
f 2022 2032 2020
f 2030 2031 2021
f 2029 2030 2021
f 2028 2029 2021
f 2027 2028 2021
f 2025 2027 2021
f 2019 2025 2021
f 1862 1860 1850
f 1856 1862 1850
f 1854 1856 1850
f 1853 1854 1850
f 1852 1853 1850
f 1851 1852 1850
f 1859 1861 1855
f 1849 1859 1855
f 1851 1849 1855
f 1852 1851 1855
f 1853 1852 1855
f 1854 1853 1855
f 2035 2034 2028
f 2036 2035 2028
f 2037 2036 2028
f 2038 2037 2028
f 2040 2038 2028
f 2030 2040 2028
f 2038 2039 2029
f 2037 2038 2029
f 2036 2037 2029
f 2035 2036 2029
f 2033 2035 2029
f 2027 2033 2029
f 1854 1852 1842
f 1848 1854 1842
f 1846 1848 1842
f 1845 1846 1842
f 1844 1845 1842
f 1843 1844 1842
f 1851 1853 1847
f 1841 1851 1847
f 1843 1841 1847
f 1844 1843 1847
f 1845 1844 1847
f 1846 1845 1847
f 2043 2042 2036
f 2044 2043 2036
f 2045 2044 2036
f 2046 2045 2036
f 2048 2046 2036
f 2038 2048 2036
f 2046 2047 2037
f 2045 2046 2037
f 2044 2045 2037
f 2043 2044 2037
f 2041 2043 2037
f 2035 2041 2037
f 1846 1844 1834
f 1840 1846 1834
f 1838 1840 1834
f 1837 1838 1834
f 1836 1837 1834
f 1835 1836 1834
f 1843 1845 1839
f 1833 1843 1839
f 1835 1833 1839
f 1836 1835 1839
f 1837 1836 1839
f 1838 1837 1839
f 2051 2050 2044
f 2052 2051 2044
f 2053 2052 2044
f 2054 2053 2044
f 2056 2054 2044
f 2046 2056 2044
f 2054 2055 2045
f 2053 2054 2045
f 2052 2053 2045
f 2051 2052 2045
f 2049 2051 2045
f 2043 2049 2045
f 1838 1836 1826
f 1832 1838 1826
f 1830 1832 1826
f 1829 1830 1826
f 1828 1829 1826
f 1827 1828 1826
f 1835 1837 1831
f 1825 1835 1831
f 1827 1825 1831
f 1828 1827 1831
f 1829 1828 1831
f 1830 1829 1831
f 2059 2058 2052
f 2060 2059 2052
f 2061 2060 2052
f 2062 2061 2052
f 2064 2062 2052
f 2054 2064 2052
f 2062 2063 2053
f 2061 2062 2053
f 2060 2061 2053
f 2059 2060 2053
f 2057 2059 2053
f 2051 2057 2053
f 1830 1828 1818
f 1824 1830 1818
f 1822 1824 1818
f 1821 1822 1818
f 1820 1821 1818
f 1819 1820 1818
f 1827 1829 1823
f 1817 1827 1823
f 1819 1817 1823
f 1820 1819 1823
f 1821 1820 1823
f 1822 1821 1823
f 2067 2066 2060
f 2068 2067 2060
f 2069 2068 2060
f 2070 2069 2060
f 2072 2070 2060
f 2062 2072 2060
f 2070 2071 2061
f 2069 2070 2061
f 2068 2069 2061
f 2067 2068 2061
f 2065 2067 2061
f 2059 2065 2061
f 1822 1820 1810
f 1816 1822 1810
f 1814 1816 1810
f 1813 1814 1810
f 1812 1813 1810
f 1811 1812 1810
f 1819 1821 1815
f 1809 1819 1815
f 1811 1809 1815
f 1812 1811 1815
f 1813 1812 1815
f 1814 1813 1815
f 2075 2074 2068
f 2076 2075 2068
f 2077 2076 2068
f 2078 2077 2068
f 2080 2078 2068
f 2070 2080 2068
f 2078 2079 2069
f 2077 2078 2069
f 2076 2077 2069
f 2075 2076 2069
f 2073 2075 2069
f 2067 2073 2069
f 1814 1812 1802
f 1808 1814 1802
f 1806 1808 1802
f 1805 1806 1802
f 1804 1805 1802
f 1803 1804 1802
f 1811 1813 1807
f 1801 1811 1807
f 1803 1801 1807
f 1804 1803 1807
f 1805 1804 1807
f 1806 1805 1807
f 2083 2082 2076
f 2084 2083 2076
f 2085 2084 2076
f 2086 2085 2076
f 2088 2086 2076
f 2078 2088 2076
f 2086 2087 2077
f 2085 2086 2077
f 2084 2085 2077
f 2083 2084 2077
f 2081 2083 2077
f 2075 2081 2077
f 1806 1804 1794
f 1800 1806 1794
f 1798 1800 1794
f 1797 1798 1794
f 1796 1797 1794
f 1795 1796 1794
f 1803 1805 1799
f 1793 1803 1799
f 1795 1793 1799
f 1796 1795 1799
f 1797 1796 1799
f 1798 1797 1799
f 2091 2090 2084
f 2092 2091 2084
f 2093 2092 2084
f 2094 2093 2084
f 2096 2094 2084
f 2086 2096 2084
f 2094 2095 2085
f 2093 2094 2085
f 2092 2093 2085
f 2091 2092 2085
f 2089 2091 2085
f 2083 2089 2085
f 1798 1796 1786
f 1792 1798 1786
f 1790 1792 1786
f 1789 1790 1786
f 1788 1789 1786
f 1787 1788 1786
f 1795 1797 1791
f 1785 1795 1791
f 1787 1785 1791
f 1788 1787 1791
f 1789 1788 1791
f 1790 1789 1791
f 2099 2098 2092
f 2100 2099 2092
f 2101 2100 2092
f 2102 2101 2092
f 2104 2102 2092
f 2094 2104 2092
f 2102 2103 2093
f 2101 2102 2093
f 2100 2101 2093
f 2099 2100 2093
f 2097 2099 2093
f 2091 2097 2093
f 1790 1788 1778
f 1784 1790 1778
f 1782 1784 1778
f 1781 1782 1778
f 1780 1781 1778
f 1779 1780 1778
f 1787 1789 1783
f 1777 1787 1783
f 1779 1777 1783
f 1780 1779 1783
f 1781 1780 1783
f 1782 1781 1783
f 2107 2106 2100
f 2108 2107 2100
f 2109 2108 2100
f 2110 2109 2100
f 2112 2110 2100
f 2102 2112 2100
f 2110 2111 2101
f 2109 2110 2101
f 2108 2109 2101
f 2107 2108 2101
f 2105 2107 2101
f 2099 2105 2101
f 1782 1780 1770
f 1776 1782 1770
f 1774 1776 1770
f 1773 1774 1770
f 1772 1773 1770
f 1771 1772 1770
f 1779 1781 1775
f 1769 1779 1775
f 1771 1769 1775
f 1772 1771 1775
f 1773 1772 1775
f 1774 1773 1775
f 2115 2114 2108
f 2116 2115 2108
f 2117 2116 2108
f 2118 2117 2108
f 2120 2118 2108
f 2110 2120 2108
f 2118 2119 2109
f 2117 2118 2109
f 2116 2117 2109
f 2115 2116 2109
f 2113 2115 2109
f 2107 2113 2109
f 1774 1772 1762
f 1768 1774 1762
f 1766 1768 1762
f 1765 1766 1762
f 1764 1765 1762
f 1763 1764 1762
f 1771 1773 1767
f 1761 1771 1767
f 1763 1761 1767
f 1764 1763 1767
f 1765 1764 1767
f 1766 1765 1767
f 2123 2122 2116
f 2124 2123 2116
f 2125 2124 2116
f 2126 2125 2116
f 2128 2126 2116
f 2118 2128 2116
f 2126 2127 2117
f 2125 2126 2117
f 2124 2125 2117
f 2123 2124 2117
f 2121 2123 2117
f 2115 2121 2117
f 1766 1764 1754
f 1760 1766 1754
f 1758 1760 1754
f 1757 1758 1754
f 1756 1757 1754
f 1755 1756 1754
f 1763 1765 1759
f 1753 1763 1759
f 1755 1753 1759
f 1756 1755 1759
f 1757 1756 1759
f 1758 1757 1759
f 2131 2130 2124
f 2132 2131 2124
f 2133 2132 2124
f 2134 2133 2124
f 2136 2134 2124
f 2126 2136 2124
f 2134 2135 2125
f 2133 2134 2125
f 2132 2133 2125
f 2131 2132 2125
f 2129 2131 2125
f 2123 2129 2125
f 1758 1756 1746
f 1752 1758 1746
f 1750 1752 1746
f 1749 1750 1746
f 1748 1749 1746
f 1747 1748 1746
f 1755 1757 1751
f 1745 1755 1751
f 1747 1745 1751
f 1748 1747 1751
f 1749 1748 1751
f 1750 1749 1751
f 2139 2138 2132
f 2140 2139 2132
f 2141 2140 2132
f 2142 2141 2132
f 2144 2142 2132
f 2134 2144 2132
f 2142 2143 2133
f 2141 2142 2133
f 2140 2141 2133
f 2139 2140 2133
f 2137 2139 2133
f 2131 2137 2133
f 1750 1748 1738
f 1744 1750 1738
f 1742 1744 1738
f 1741 1742 1738
f 1740 1741 1738
f 1739 1740 1738
f 1747 1749 1743
f 1737 1747 1743
f 1739 1737 1743
f 1740 1739 1743
f 1741 1740 1743
f 1742 1741 1743
f 2147 2146 2140
f 2148 2147 2140
f 2149 2148 2140
f 2150 2149 2140
f 2152 2150 2140
f 2142 2152 2140
f 2150 2151 2141
f 2149 2150 2141
f 2148 2149 2141
f 2147 2148 2141
f 2145 2147 2141
f 2139 2145 2141
f 1742 1740 1730
f 1736 1742 1730
f 1734 1736 1730
f 1733 1734 1730
f 1732 1733 1730
f 1731 1732 1730
f 1739 1741 1735
f 1729 1739 1735
f 1731 1729 1735
f 1732 1731 1735
f 1733 1732 1735
f 1734 1733 1735
f 2155 2154 2148
f 2156 2155 2148
f 2157 2156 2148
f 2158 2157 2148
f 2160 2158 2148
f 2150 2160 2148
f 2158 2159 2149
f 2157 2158 2149
f 2156 2157 2149
f 2155 2156 2149
f 2153 2155 2149
f 2147 2153 2149
f 1734 1732 1722
f 1728 1734 1722
f 1726 1728 1722
f 1725 1726 1722
f 1724 1725 1722
f 1723 1724 1722
f 1731 1733 1727
f 1721 1731 1727
f 1723 1721 1727
f 1724 1723 1727
f 1725 1724 1727
f 1726 1725 1727
f 2163 2162 2156
f 2164 2163 2156
f 2165 2164 2156
f 2166 2165 2156
f 2168 2166 2156
f 2158 2168 2156
f 2166 2167 2157
f 2165 2166 2157
f 2164 2165 2157
f 2163 2164 2157
f 2161 2163 2157
f 2155 2161 2157
f 1726 1724 1714
f 1720 1726 1714
f 1718 1720 1714
f 1717 1718 1714
f 1716 1717 1714
f 1715 1716 1714
f 1723 1725 1719
f 1713 1723 1719
f 1715 1713 1719
f 1716 1715 1719
f 1717 1716 1719
f 1718 1717 1719
f 2171 2170 2164
f 2172 2171 2164
f 2173 2172 2164
f 2174 2173 2164
f 2176 2174 2164
f 2166 2176 2164
f 2174 2175 2165
f 2173 2174 2165
f 2172 2173 2165
f 2171 2172 2165
f 2169 2171 2165
f 2163 2169 2165
f 1718 1716 1706
f 1712 1718 1706
f 1710 1712 1706
f 1709 1710 1706
f 1708 1709 1706
f 1707 1708 1706
f 1715 1717 1711
f 1705 1715 1711
f 1707 1705 1711
f 1708 1707 1711
f 1709 1708 1711
f 1710 1709 1711
f 2179 2178 2172
f 2180 2179 2172
f 2181 2180 2172
f 2182 2181 2172
f 2184 2182 2172
f 2174 2184 2172
f 2182 2183 2173
f 2181 2182 2173
f 2180 2181 2173
f 2179 2180 2173
f 2177 2179 2173
f 2171 2177 2173
f 1710 1708 1698
f 1704 1710 1698
f 1702 1704 1698
f 1701 1702 1698
f 1700 1701 1698
f 1699 1700 1698
f 1707 1709 1703
f 1697 1707 1703
f 1699 1697 1703
f 1700 1699 1703
f 1701 1700 1703
f 1702 1701 1703
f 2187 2186 2180
f 2188 2187 2180
f 2189 2188 2180
f 2190 2189 2180
f 2192 2190 2180
f 2182 2192 2180
f 2190 2191 2181
f 2189 2190 2181
f 2188 2189 2181
f 2187 2188 2181
f 2185 2187 2181
f 2179 2185 2181
f 1702 1700 1690
f 1696 1702 1690
f 1694 1696 1690
f 1693 1694 1690
f 1692 1693 1690
f 1691 1692 1690
f 1699 1701 1695
f 1689 1699 1695
f 1691 1689 1695
f 1692 1691 1695
f 1693 1692 1695
f 1694 1693 1695
f 2195 2194 2188
f 2196 2195 2188
f 2197 2196 2188
f 2198 2197 2188
f 2200 2198 2188
f 2190 2200 2188
f 2198 2199 2189
f 2197 2198 2189
f 2196 2197 2189
f 2195 2196 2189
f 2193 2195 2189
f 2187 2193 2189
f 1694 1692 1682
f 1688 1694 1682
f 1686 1688 1682
f 1685 1686 1682
f 1684 1685 1682
f 1683 1684 1682
f 1691 1693 1687
f 1681 1691 1687
f 1683 1681 1687
f 1684 1683 1687
f 1685 1684 1687
f 1686 1685 1687
f 2203 2202 2196
f 2204 2203 2196
f 2205 2204 2196
f 2206 2205 2196
f 2208 2206 2196
f 2198 2208 2196
f 2206 2207 2197
f 2205 2206 2197
f 2204 2205 2197
f 2203 2204 2197
f 2201 2203 2197
f 2195 2201 2197
f 1686 1684 1678
f 1680 1686 1678
f 1683 1685 1679
f 1677 1683 1679
f 2212 2210 2204
f 2206 2212 2204
f 2209 2211 2205
f 2203 2209 2205
f 1946 1945 1937
f 1938 1946 1937
f 1940 1939 1929
f 1930 1940 1929
f 1954 1953 1947
f 1948 1954 1947
f 1932 1931 1921
f 1922 1932 1921
f 1962 1961 1955
f 1956 1962 1955
f 1924 1923 1913
f 1914 1924 1913
f 1970 1969 1963
f 1964 1970 1963
f 1916 1915 1905
f 1906 1916 1905
f 1978 1977 1971
f 1972 1978 1971
f 1908 1907 1897
f 1898 1908 1897
f 1986 1985 1979
f 1980 1986 1979
f 1900 1899 1889
f 1890 1900 1889
f 1994 1993 1987
f 1988 1994 1987
f 1892 1891 1881
f 1882 1892 1881
f 2002 2001 1995
f 1996 2002 1995
f 1884 1883 1873
f 1874 1884 1873
f 2010 2009 2003
f 2004 2010 2003
f 1876 1875 1865
f 1866 1876 1865
f 2018 2017 2011
f 2012 2018 2011
f 1868 1867 1857
f 1858 1868 1857
f 2026 2025 2019
f 2020 2026 2019
f 1860 1859 1849
f 1850 1860 1849
f 2034 2033 2027
f 2028 2034 2027
f 1852 1851 1841
f 1842 1852 1841
f 2042 2041 2035
f 2036 2042 2035
f 1844 1843 1833
f 1834 1844 1833
f 2050 2049 2043
f 2044 2050 2043
f 1836 1835 1825
f 1826 1836 1825
f 2058 2057 2051
f 2052 2058 2051
f 1828 1827 1817
f 1818 1828 1817
f 2066 2065 2059
f 2060 2066 2059
f 1820 1819 1809
f 1810 1820 1809
f 2074 2073 2067
f 2068 2074 2067
f 1812 1811 1801
f 1802 1812 1801
f 2082 2081 2075
f 2076 2082 2075
f 1804 1803 1793
f 1794 1804 1793
f 2090 2089 2083
f 2084 2090 2083
f 1796 1795 1785
f 1786 1796 1785
f 2098 2097 2091
f 2092 2098 2091
f 1788 1787 1777
f 1778 1788 1777
f 2106 2105 2099
f 2100 2106 2099
f 1780 1779 1769
f 1770 1780 1769
f 2114 2113 2107
f 2108 2114 2107
f 1772 1771 1761
f 1762 1772 1761
f 2122 2121 2115
f 2116 2122 2115
f 1764 1763 1753
f 1754 1764 1753
f 2130 2129 2123
f 2124 2130 2123
f 1756 1755 1745
f 1746 1756 1745
f 2138 2137 2131
f 2132 2138 2131
f 1748 1747 1737
f 1738 1748 1737
f 2146 2145 2139
f 2140 2146 2139
f 1740 1739 1729
f 1730 1740 1729
f 2154 2153 2147
f 2148 2154 2147
f 1732 1731 1721
f 1722 1732 1721
f 2162 2161 2155
f 2156 2162 2155
f 1724 1723 1713
f 1714 1724 1713
f 2170 2169 2163
f 2164 2170 2163
f 1716 1715 1705
f 1706 1716 1705
f 2178 2177 2171
f 2172 2178 2171
f 1708 1707 1697
f 1698 1708 1697
f 2186 2185 2179
f 2180 2186 2179
f 1700 1699 1689
f 1690 1700 1689
f 2194 2193 2187
f 2188 2194 2187
f 1692 1691 1681
f 1682 1692 1681
f 2202 2201 2195
f 2196 2202 2195
f 1684 1683 1677
f 1678 1684 1677
f 2210 2209 2203
f 2204 2210 2203
f 1680 1679 1685
f 1686 1680 1685
f 2206 2205 2211
f 2212 2206 2211
f 1688 1687 1693
f 1694 1688 1693
f 2198 2197 2207
f 2208 2198 2207
f 1696 1695 1701
f 1702 1696 1701
f 2190 2189 2199
f 2200 2190 2199
f 1704 1703 1709
f 1710 1704 1709
f 2182 2181 2191
f 2192 2182 2191
f 1712 1711 1717
f 1718 1712 1717
f 2174 2173 2183
f 2184 2174 2183
f 1720 1719 1725
f 1726 1720 1725
f 2166 2165 2175
f 2176 2166 2175
f 1728 1727 1733
f 1734 1728 1733
f 2158 2157 2167
f 2168 2158 2167
f 1736 1735 1741
f 1742 1736 1741
f 2150 2149 2159
f 2160 2150 2159
f 1744 1743 1749
f 1750 1744 1749
f 2142 2141 2151
f 2152 2142 2151
f 1752 1751 1757
f 1758 1752 1757
f 2134 2133 2143
f 2144 2134 2143
f 1760 1759 1765
f 1766 1760 1765
f 2126 2125 2135
f 2136 2126 2135
f 1768 1767 1773
f 1774 1768 1773
f 2118 2117 2127
f 2128 2118 2127
f 1776 1775 1781
f 1782 1776 1781
f 2110 2109 2119
f 2120 2110 2119
f 1784 1783 1789
f 1790 1784 1789
f 2102 2101 2111
f 2112 2102 2111
f 1792 1791 1797
f 1798 1792 1797
f 2094 2093 2103
f 2104 2094 2103
f 1800 1799 1805
f 1806 1800 1805
f 2086 2085 2095
f 2096 2086 2095
f 1808 1807 1813
f 1814 1808 1813
f 2078 2077 2087
f 2088 2078 2087
f 1816 1815 1821
f 1822 1816 1821
f 2070 2069 2079
f 2080 2070 2079
f 1824 1823 1829
f 1830 1824 1829
f 2062 2061 2071
f 2072 2062 2071
f 1832 1831 1837
f 1838 1832 1837
f 2054 2053 2063
f 2064 2054 2063
f 1840 1839 1845
f 1846 1840 1845
f 2046 2045 2055
f 2056 2046 2055
f 1848 1847 1853
f 1854 1848 1853
f 2038 2037 2047
f 2048 2038 2047
f 1856 1855 1861
f 1862 1856 1861
f 2030 2029 2039
f 2040 2030 2039
f 1864 1863 1869
f 1870 1864 1869
f 2022 2021 2031
f 2032 2022 2031
f 1872 1871 1877
f 1878 1872 1877
f 2014 2013 2023
f 2024 2014 2023
f 1880 1879 1885
f 1886 1880 1885
f 2006 2005 2015
f 2016 2006 2015
f 1888 1887 1893
f 1894 1888 1893
f 1998 1997 2007
f 2008 1998 2007
f 1896 1895 1901
f 1902 1896 1901
f 1990 1989 1999
f 2000 1990 1999
f 1904 1903 1909
f 1910 1904 1909
f 1982 1981 1991
f 1992 1982 1991
f 1912 1911 1917
f 1918 1912 1917
f 1974 1973 1983
f 1984 1974 1983
f 1920 1919 1925
f 1926 1920 1925
f 1966 1965 1975
f 1976 1966 1975
f 1928 1927 1933
f 1934 1928 1933
f 1958 1957 1967
f 1968 1958 1967
f 1936 1935 1941
f 1942 1936 1941
f 1950 1949 1959
f 1960 1950 1959
f 1944 1943 1951
f 1952 1944 1951
f 1678 1677 1679
f 1680 1678 1679
f 1682 1681 1683
f 1684 1682 1683
f 1686 1685 1687
f 1688 1686 1687
f 1690 1689 1691
f 1692 1690 1691
f 1694 1693 1695
f 1696 1694 1695
f 1698 1697 1699
f 1700 1698 1699
f 1702 1701 1703
f 1704 1702 1703
f 1706 1705 1707
f 1708 1706 1707
f 1710 1709 1711
f 1712 1710 1711
f 1714 1713 1715
f 1716 1714 1715
f 1718 1717 1719
f 1720 1718 1719
f 1722 1721 1723
f 1724 1722 1723
f 1726 1725 1727
f 1728 1726 1727
f 1730 1729 1731
f 1732 1730 1731
f 1734 1733 1735
f 1736 1734 1735
f 1738 1737 1739
f 1740 1738 1739
f 1742 1741 1743
f 1744 1742 1743
f 1746 1745 1747
f 1748 1746 1747
f 1750 1749 1751
f 1752 1750 1751
f 1754 1753 1755
f 1756 1754 1755
f 1758 1757 1759
f 1760 1758 1759
f 1762 1761 1763
f 1764 1762 1763
f 1766 1765 1767
f 1768 1766 1767
f 1770 1769 1771
f 1772 1770 1771
f 1774 1773 1775
f 1776 1774 1775
f 1778 1777 1779
f 1780 1778 1779
f 1782 1781 1783
f 1784 1782 1783
f 1786 1785 1787
f 1788 1786 1787
f 1790 1789 1791
f 1792 1790 1791
f 1794 1793 1795
f 1796 1794 1795
f 1798 1797 1799
f 1800 1798 1799
f 1802 1801 1803
f 1804 1802 1803
f 1806 1805 1807
f 1808 1806 1807
f 1810 1809 1811
f 1812 1810 1811
f 1814 1813 1815
f 1816 1814 1815
f 1818 1817 1819
f 1820 1818 1819
f 1822 1821 1823
f 1824 1822 1823
f 1826 1825 1827
f 1828 1826 1827
f 1830 1829 1831
f 1832 1830 1831
f 1834 1833 1835
f 1836 1834 1835
f 1838 1837 1839
f 1840 1838 1839
f 1842 1841 1843
f 1844 1842 1843
f 1846 1845 1847
f 1848 1846 1847
f 1850 1849 1851
f 1852 1850 1851
f 1854 1853 1855
f 1856 1854 1855
f 1858 1857 1859
f 1860 1858 1859
f 1862 1861 1863
f 1864 1862 1863
f 1866 1865 1867
f 1868 1866 1867
f 1870 1869 1871
f 1872 1870 1871
f 1874 1873 1875
f 1876 1874 1875
f 1878 1877 1879
f 1880 1878 1879
f 1882 1881 1883
f 1884 1882 1883
f 1886 1885 1887
f 1888 1886 1887
f 1890 1889 1891
f 1892 1890 1891
f 1894 1893 1895
f 1896 1894 1895
f 1898 1897 1899
f 1900 1898 1899
f 1902 1901 1903
f 1904 1902 1903
f 1906 1905 1907
f 1908 1906 1907
f 1910 1909 1911
f 1912 1910 1911
f 1914 1913 1915
f 1916 1914 1915
f 1918 1917 1919
f 1920 1918 1919
f 1922 1921 1923
f 1924 1922 1923
f 1926 1925 1927
f 1928 1926 1927
f 1930 1929 1931
f 1932 1930 1931
f 1934 1933 1935
f 1936 1934 1935
f 1938 1937 1939
f 1940 1938 1939
f 1942 1941 1943
f 1944 1942 1943
f 1948 1947 1945
f 1946 1948 1945
f 1952 1951 1949
f 1950 1952 1949
f 1956 1955 1953
f 1954 1956 1953
f 1960 1959 1957
f 1958 1960 1957
f 1964 1963 1961
f 1962 1964 1961
f 1968 1967 1965
f 1966 1968 1965
f 1972 1971 1969
f 1970 1972 1969
f 1976 1975 1973
f 1974 1976 1973
f 1980 1979 1977
f 1978 1980 1977
f 1984 1983 1981
f 1982 1984 1981
f 1988 1987 1985
f 1986 1988 1985
f 1992 1991 1989
f 1990 1992 1989
f 1996 1995 1993
f 1994 1996 1993
f 2000 1999 1997
f 1998 2000 1997
f 2004 2003 2001
f 2002 2004 2001
f 2008 2007 2005
f 2006 2008 2005
f 2012 2011 2009
f 2010 2012 2009
f 2016 2015 2013
f 2014 2016 2013
f 2020 2019 2017
f 2018 2020 2017
f 2024 2023 2021
f 2022 2024 2021
f 2028 2027 2025
f 2026 2028 2025
f 2032 2031 2029
f 2030 2032 2029
f 2036 2035 2033
f 2034 2036 2033
f 2040 2039 2037
f 2038 2040 2037
f 2044 2043 2041
f 2042 2044 2041
f 2048 2047 2045
f 2046 2048 2045
f 2052 2051 2049
f 2050 2052 2049
f 2056 2055 2053
f 2054 2056 2053
f 2060 2059 2057
f 2058 2060 2057
f 2064 2063 2061
f 2062 2064 2061
f 2068 2067 2065
f 2066 2068 2065
f 2072 2071 2069
f 2070 2072 2069
f 2076 2075 2073
f 2074 2076 2073
f 2080 2079 2077
f 2078 2080 2077
f 2084 2083 2081
f 2082 2084 2081
f 2088 2087 2085
f 2086 2088 2085
f 2092 2091 2089
f 2090 2092 2089
f 2096 2095 2093
f 2094 2096 2093
f 2100 2099 2097
f 2098 2100 2097
f 2104 2103 2101
f 2102 2104 2101
f 2108 2107 2105
f 2106 2108 2105
f 2112 2111 2109
f 2110 2112 2109
f 2116 2115 2113
f 2114 2116 2113
f 2120 2119 2117
f 2118 2120 2117
f 2124 2123 2121
f 2122 2124 2121
f 2128 2127 2125
f 2126 2128 2125
f 2132 2131 2129
f 2130 2132 2129
f 2136 2135 2133
f 2134 2136 2133
f 2140 2139 2137
f 2138 2140 2137
f 2144 2143 2141
f 2142 2144 2141
f 2148 2147 2145
f 2146 2148 2145
f 2152 2151 2149
f 2150 2152 2149
f 2156 2155 2153
f 2154 2156 2153
f 2160 2159 2157
f 2158 2160 2157
f 2164 2163 2161
f 2162 2164 2161
f 2168 2167 2165
f 2166 2168 2165
f 2172 2171 2169
f 2170 2172 2169
f 2176 2175 2173
f 2174 2176 2173
f 2180 2179 2177
f 2178 2180 2177
f 2184 2183 2181
f 2182 2184 2181
f 2188 2187 2185
f 2186 2188 2185
f 2192 2191 2189
f 2190 2192 2189
f 2196 2195 2193
f 2194 2196 2193
f 2200 2199 2197
f 2198 2200 2197
f 2204 2203 2201
f 2202 2204 2201
f 2208 2207 2205
f 2206 2208 2205
f 2212 2211 2209
f 2210 2212 2209
g 04__2FA8B8_大简_PETG_HF_青
usemtl part_04_2FA8B8
f 2824 2822 2470
f 2472 2824 2470
f 2821 2823 2471
f 2469 2821 2471
f 2643 2642 2636
f 2644 2643 2636
f 2646 2644 2636
f 2640 2646 2636
f 2638 2640 2636
f 2637 2638 2636
f 2644 2645 2639
f 2643 2644 2639
f 2641 2643 2639
f 2635 2641 2639
f 2637 2635 2639
f 2638 2637 2639
f 2640 2638 2630
f 2634 2640 2630
f 2632 2634 2630
f 2631 2632 2630
f 2637 2639 2633
f 2629 2637 2633
f 2631 2629 2633
f 2632 2631 2633
f 2649 2648 2644
f 2650 2649 2644
f 2652 2650 2644
f 2646 2652 2644
f 2650 2651 2645
f 2649 2650 2645
f 2647 2649 2645
f 2643 2647 2645
f 2634 2632 2624
f 2628 2634 2624
f 2626 2628 2624
f 2625 2626 2624
f 2631 2633 2627
f 2623 2631 2627
f 2625 2623 2627
f 2626 2625 2627
f 2655 2654 2650
f 2656 2655 2650
f 2658 2656 2650
f 2652 2658 2650
f 2656 2657 2651
f 2655 2656 2651
f 2653 2655 2651
f 2649 2653 2651
f 2628 2626 2618
f 2622 2628 2618
f 2620 2622 2618
f 2619 2620 2618
f 2625 2627 2621
f 2617 2625 2621
f 2619 2617 2621
f 2620 2619 2621
f 2661 2660 2656
f 2662 2661 2656
f 2664 2662 2656
f 2658 2664 2656
f 2662 2663 2657
f 2661 2662 2657
f 2659 2661 2657
f 2655 2659 2657
f 2622 2620 2612
f 2616 2622 2612
f 2614 2616 2612
f 2613 2614 2612
f 2619 2621 2615
f 2611 2619 2615
f 2613 2611 2615
f 2614 2613 2615
f 2667 2666 2662
f 2668 2667 2662
f 2670 2668 2662
f 2664 2670 2662
f 2668 2669 2663
f 2667 2668 2663
f 2665 2667 2663
f 2661 2665 2663
f 2616 2614 2606
f 2610 2616 2606
f 2608 2610 2606
f 2607 2608 2606
f 2613 2615 2609
f 2605 2613 2609
f 2607 2605 2609
f 2608 2607 2609
f 2673 2672 2668
f 2674 2673 2668
f 2676 2674 2668
f 2670 2676 2668
f 2674 2675 2669
f 2673 2674 2669
f 2671 2673 2669
f 2667 2671 2669
f 2610 2608 2600
f 2604 2610 2600
f 2602 2604 2600
f 2601 2602 2600
f 2607 2609 2603
f 2599 2607 2603
f 2601 2599 2603
f 2602 2601 2603
f 2679 2678 2674
f 2680 2679 2674
f 2682 2680 2674
f 2676 2682 2674
f 2680 2681 2675
f 2679 2680 2675
f 2677 2679 2675
f 2673 2677 2675
f 2604 2602 2594
f 2598 2604 2594
f 2596 2598 2594
f 2595 2596 2594
f 2601 2603 2597
f 2593 2601 2597
f 2595 2593 2597
f 2596 2595 2597
f 2685 2684 2680
f 2686 2685 2680
f 2688 2686 2680
f 2682 2688 2680
f 2686 2687 2681
f 2685 2686 2681
f 2683 2685 2681
f 2679 2683 2681
f 2598 2596 2588
f 2592 2598 2588
f 2590 2592 2588
f 2589 2590 2588
f 2595 2597 2591
f 2587 2595 2591
f 2589 2587 2591
f 2590 2589 2591
f 2691 2690 2686
f 2692 2691 2686
f 2694 2692 2686
f 2688 2694 2686
f 2692 2693 2687
f 2691 2692 2687
f 2689 2691 2687
f 2685 2689 2687
f 2592 2590 2582
f 2586 2592 2582
f 2584 2586 2582
f 2583 2584 2582
f 2589 2591 2585
f 2581 2589 2585
f 2583 2581 2585
f 2584 2583 2585
f 2697 2696 2692
f 2698 2697 2692
f 2700 2698 2692
f 2694 2700 2692
f 2698 2699 2693
f 2697 2698 2693
f 2695 2697 2693
f 2691 2695 2693
f 2586 2584 2576
f 2580 2586 2576
f 2578 2580 2576
f 2577 2578 2576
f 2583 2585 2579
f 2575 2583 2579
f 2577 2575 2579
f 2578 2577 2579
f 2703 2702 2698
f 2704 2703 2698
f 2706 2704 2698
f 2700 2706 2698
f 2704 2705 2699
f 2703 2704 2699
f 2701 2703 2699
f 2697 2701 2699
f 2580 2578 2570
f 2574 2580 2570
f 2572 2574 2570
f 2571 2572 2570
f 2577 2579 2573
f 2569 2577 2573
f 2571 2569 2573
f 2572 2571 2573
f 2709 2708 2704
f 2710 2709 2704
f 2712 2710 2704
f 2706 2712 2704
f 2710 2711 2705
f 2709 2710 2705
f 2707 2709 2705
f 2703 2707 2705
f 2574 2572 2564
f 2568 2574 2564
f 2566 2568 2564
f 2565 2566 2564
f 2571 2573 2567
f 2563 2571 2567
f 2565 2563 2567
f 2566 2565 2567
f 2715 2714 2710
f 2716 2715 2710
f 2718 2716 2710
f 2712 2718 2710
f 2716 2717 2711
f 2715 2716 2711
f 2713 2715 2711
f 2709 2713 2711
f 2568 2566 2558
f 2562 2568 2558
f 2560 2562 2558
f 2559 2560 2558
f 2565 2567 2561
f 2557 2565 2561
f 2559 2557 2561
f 2560 2559 2561
f 2721 2720 2716
f 2722 2721 2716
f 2724 2722 2716
f 2718 2724 2716
f 2722 2723 2717
f 2721 2722 2717
f 2719 2721 2717
f 2715 2719 2717
f 2562 2560 2552
f 2556 2562 2552
f 2554 2556 2552
f 2553 2554 2552
f 2559 2561 2555
f 2551 2559 2555
f 2553 2551 2555
f 2554 2553 2555
f 2727 2726 2722
f 2728 2727 2722
f 2730 2728 2722
f 2724 2730 2722
f 2728 2729 2723
f 2727 2728 2723
f 2725 2727 2723
f 2721 2725 2723
f 2556 2554 2546
f 2550 2556 2546
f 2548 2550 2546
f 2547 2548 2546
f 2553 2555 2549
f 2545 2553 2549
f 2547 2545 2549
f 2548 2547 2549
f 2733 2732 2728
f 2734 2733 2728
f 2736 2734 2728
f 2730 2736 2728
f 2734 2735 2729
f 2733 2734 2729
f 2731 2733 2729
f 2727 2731 2729
f 2550 2548 2540
f 2544 2550 2540
f 2542 2544 2540
f 2541 2542 2540
f 2547 2549 2543
f 2539 2547 2543
f 2541 2539 2543
f 2542 2541 2543
f 2739 2738 2734
f 2740 2739 2734
f 2742 2740 2734
f 2736 2742 2734
f 2740 2741 2735
f 2739 2740 2735
f 2737 2739 2735
f 2733 2737 2735
f 2544 2542 2534
f 2538 2544 2534
f 2536 2538 2534
f 2535 2536 2534
f 2541 2543 2537
f 2533 2541 2537
f 2535 2533 2537
f 2536 2535 2537
f 2745 2744 2740
f 2746 2745 2740
f 2748 2746 2740
f 2742 2748 2740
f 2746 2747 2741
f 2745 2746 2741
f 2743 2745 2741
f 2739 2743 2741
f 2538 2536 2528
f 2532 2538 2528
f 2530 2532 2528
f 2529 2530 2528
f 2535 2537 2531
f 2527 2535 2531
f 2529 2527 2531
f 2530 2529 2531
f 2751 2750 2746
f 2752 2751 2746
f 2754 2752 2746
f 2748 2754 2746
f 2752 2753 2747
f 2751 2752 2747
f 2749 2751 2747
f 2745 2749 2747
f 2532 2530 2522
f 2526 2532 2522
f 2524 2526 2522
f 2523 2524 2522
f 2529 2531 2525
f 2521 2529 2525
f 2523 2521 2525
f 2524 2523 2525
f 2757 2756 2752
f 2758 2757 2752
f 2760 2758 2752
f 2754 2760 2752
f 2758 2759 2753
f 2757 2758 2753
f 2755 2757 2753
f 2751 2755 2753
f 2526 2524 2516
f 2520 2526 2516
f 2518 2520 2516
f 2517 2518 2516
f 2523 2525 2519
f 2515 2523 2519
f 2517 2515 2519
f 2518 2517 2519
f 2763 2762 2758
f 2764 2763 2758
f 2766 2764 2758
f 2760 2766 2758
f 2764 2765 2759
f 2763 2764 2759
f 2761 2763 2759
f 2757 2761 2759
f 2520 2518 2510
f 2514 2520 2510
f 2512 2514 2510
f 2511 2512 2510
f 2517 2519 2513
f 2509 2517 2513
f 2511 2509 2513
f 2512 2511 2513
f 2769 2768 2764
f 2770 2769 2764
f 2772 2770 2764
f 2766 2772 2764
f 2770 2771 2765
f 2769 2770 2765
f 2767 2769 2765
f 2763 2767 2765
f 2514 2512 2504
f 2508 2514 2504
f 2506 2508 2504
f 2505 2506 2504
f 2511 2513 2507
f 2503 2511 2507
f 2505 2503 2507
f 2506 2505 2507
f 2775 2774 2770
f 2776 2775 2770
f 2778 2776 2770
f 2772 2778 2770
f 2776 2777 2771
f 2775 2776 2771
f 2773 2775 2771
f 2769 2773 2771
f 2508 2506 2498
f 2502 2508 2498
f 2500 2502 2498
f 2499 2500 2498
f 2505 2507 2501
f 2497 2505 2501
f 2499 2497 2501
f 2500 2499 2501
f 2781 2780 2776
f 2782 2781 2776
f 2784 2782 2776
f 2778 2784 2776
f 2782 2783 2777
f 2781 2782 2777
f 2779 2781 2777
f 2775 2779 2777
f 2502 2500 2492
f 2496 2502 2492
f 2494 2496 2492
f 2493 2494 2492
f 2499 2501 2495
f 2491 2499 2495
f 2493 2491 2495
f 2494 2493 2495
f 2787 2786 2782
f 2788 2787 2782
f 2790 2788 2782
f 2784 2790 2782
f 2788 2789 2783
f 2787 2788 2783
f 2785 2787 2783
f 2781 2785 2783
f 2496 2494 2486
f 2490 2496 2486
f 2488 2490 2486
f 2487 2488 2486
f 2493 2495 2489
f 2485 2493 2489
f 2487 2485 2489
f 2488 2487 2489
f 2793 2792 2788
f 2794 2793 2788
f 2796 2794 2788
f 2790 2796 2788
f 2794 2795 2789
f 2793 2794 2789
f 2791 2793 2789
f 2787 2791 2789
f 2490 2488 2480
f 2484 2490 2480
f 2482 2484 2480
f 2481 2482 2480
f 2487 2489 2483
f 2479 2487 2483
f 2481 2479 2483
f 2482 2481 2483
f 2799 2798 2794
f 2800 2799 2794
f 2802 2800 2794
f 2796 2802 2794
f 2800 2801 2795
f 2799 2800 2795
f 2797 2799 2795
f 2793 2797 2795
f 2484 2482 2474
f 2478 2484 2474
f 2476 2478 2474
f 2475 2476 2474
f 2481 2483 2477
f 2473 2481 2477
f 2475 2473 2477
f 2476 2475 2477
f 2805 2804 2800
f 2806 2805 2800
f 2808 2806 2800
f 2802 2808 2800
f 2806 2807 2801
f 2805 2806 2801
f 2803 2805 2801
f 2799 2803 2801
f 2478 2476 2464
f 2468 2478 2464
f 2466 2468 2464
f 2465 2466 2464
f 2475 2477 2467
f 2463 2475 2467
f 2465 2463 2467
f 2466 2465 2467
f 2811 2810 2806
f 2812 2811 2806
f 2814 2812 2806
f 2808 2814 2806
f 2812 2813 2807
f 2811 2812 2807
f 2809 2811 2807
f 2805 2809 2807
f 2468 2466 2458
f 2462 2468 2458
f 2460 2462 2458
f 2459 2460 2458
f 2465 2467 2461
f 2457 2465 2461
f 2459 2457 2461
f 2460 2459 2461
f 2817 2816 2812
f 2818 2817 2812
f 2820 2818 2812
f 2814 2820 2812
f 2818 2819 2813
f 2817 2818 2813
f 2815 2817 2813
f 2811 2815 2813
f 2462 2460 2452
f 2456 2462 2452
f 2454 2456 2452
f 2453 2454 2452
f 2459 2461 2455
f 2451 2459 2455
f 2453 2451 2455
f 2454 2453 2455
f 2827 2826 2818
f 2828 2827 2818
f 2830 2828 2818
f 2820 2830 2818
f 2828 2829 2819
f 2827 2828 2819
f 2825 2827 2819
f 2817 2825 2819
f 2456 2454 2446
f 2450 2456 2446
f 2448 2450 2446
f 2447 2448 2446
f 2453 2455 2449
f 2445 2453 2449
f 2447 2445 2449
f 2448 2447 2449
f 2833 2832 2828
f 2834 2833 2828
f 2836 2834 2828
f 2830 2836 2828
f 2834 2835 2829
f 2833 2834 2829
f 2831 2833 2829
f 2827 2831 2829
f 2450 2448 2440
f 2444 2450 2440
f 2442 2444 2440
f 2441 2442 2440
f 2447 2449 2443
f 2439 2447 2443
f 2441 2439 2443
f 2442 2441 2443
f 2839 2838 2834
f 2840 2839 2834
f 2842 2840 2834
f 2836 2842 2834
f 2840 2841 2835
f 2839 2840 2835
f 2837 2839 2835
f 2833 2837 2835
f 2444 2442 2434
f 2438 2444 2434
f 2436 2438 2434
f 2435 2436 2434
f 2441 2443 2437
f 2433 2441 2437
f 2435 2433 2437
f 2436 2435 2437
f 2845 2844 2840
f 2846 2845 2840
f 2848 2846 2840
f 2842 2848 2840
f 2846 2847 2841
f 2845 2846 2841
f 2843 2845 2841
f 2839 2843 2841
f 2438 2436 2428
f 2432 2438 2428
f 2430 2432 2428
f 2429 2430 2428
f 2435 2437 2431
f 2427 2435 2431
f 2429 2427 2431
f 2430 2429 2431
f 2851 2850 2846
f 2852 2851 2846
f 2854 2852 2846
f 2848 2854 2846
f 2852 2853 2847
f 2851 2852 2847
f 2849 2851 2847
f 2845 2849 2847
f 2432 2430 2422
f 2426 2432 2422
f 2424 2426 2422
f 2423 2424 2422
f 2429 2431 2425
f 2421 2429 2425
f 2423 2421 2425
f 2424 2423 2425
f 2857 2856 2852
f 2858 2857 2852
f 2860 2858 2852
f 2854 2860 2852
f 2858 2859 2853
f 2857 2858 2853
f 2855 2857 2853
f 2851 2855 2853
f 2426 2424 2416
f 2420 2426 2416
f 2418 2420 2416
f 2417 2418 2416
f 2423 2425 2419
f 2415 2423 2419
f 2417 2415 2419
f 2418 2417 2419
f 2863 2862 2858
f 2864 2863 2858
f 2866 2864 2858
f 2860 2866 2858
f 2864 2865 2859
f 2863 2864 2859
f 2861 2863 2859
f 2857 2861 2859
f 2420 2418 2410
f 2414 2420 2410
f 2412 2414 2410
f 2411 2412 2410
f 2417 2419 2413
f 2409 2417 2413
f 2411 2409 2413
f 2412 2411 2413
f 2869 2868 2864
f 2870 2869 2864
f 2872 2870 2864
f 2866 2872 2864
f 2870 2871 2865
f 2869 2870 2865
f 2867 2869 2865
f 2863 2867 2865
f 2414 2412 2404
f 2408 2414 2404
f 2406 2408 2404
f 2405 2406 2404
f 2411 2413 2407
f 2403 2411 2407
f 2405 2403 2407
f 2406 2405 2407
f 2875 2874 2870
f 2876 2875 2870
f 2878 2876 2870
f 2872 2878 2870
f 2876 2877 2871
f 2875 2876 2871
f 2873 2875 2871
f 2869 2873 2871
f 2408 2406 2398
f 2402 2408 2398
f 2400 2402 2398
f 2399 2400 2398
f 2405 2407 2401
f 2397 2405 2401
f 2399 2397 2401
f 2400 2399 2401
f 2881 2880 2876
f 2882 2881 2876
f 2884 2882 2876
f 2878 2884 2876
f 2882 2883 2877
f 2881 2882 2877
f 2879 2881 2877
f 2875 2879 2877
f 2402 2400 2392
f 2396 2402 2392
f 2394 2396 2392
f 2393 2394 2392
f 2399 2401 2395
f 2391 2399 2395
f 2393 2391 2395
f 2394 2393 2395
f 2887 2886 2882
f 2888 2887 2882
f 2890 2888 2882
f 2884 2890 2882
f 2888 2889 2883
f 2887 2888 2883
f 2885 2887 2883
f 2881 2885 2883
f 2396 2394 2386
f 2390 2396 2386
f 2388 2390 2386
f 2387 2388 2386
f 2393 2395 2389
f 2385 2393 2389
f 2387 2385 2389
f 2388 2387 2389
f 2893 2892 2888
f 2894 2893 2888
f 2896 2894 2888
f 2890 2896 2888
f 2894 2895 2889
f 2893 2894 2889
f 2891 2893 2889
f 2887 2891 2889
f 2390 2388 2380
f 2384 2390 2380
f 2382 2384 2380
f 2381 2382 2380
f 2387 2389 2383
f 2379 2387 2383
f 2381 2379 2383
f 2382 2381 2383
f 2899 2898 2894
f 2900 2899 2894
f 2902 2900 2894
f 2896 2902 2894
f 2900 2901 2895
f 2899 2900 2895
f 2897 2899 2895
f 2893 2897 2895
f 2384 2382 2374
f 2378 2384 2374
f 2376 2378 2374
f 2375 2376 2374
f 2381 2383 2377
f 2373 2381 2377
f 2375 2373 2377
f 2376 2375 2377
f 2905 2904 2900
f 2906 2905 2900
f 2908 2906 2900
f 2902 2908 2900
f 2906 2907 2901
f 2905 2906 2901
f 2903 2905 2901
f 2899 2903 2901
f 2378 2376 2368
f 2372 2378 2368
f 2370 2372 2368
f 2369 2370 2368
f 2375 2377 2371
f 2367 2375 2371
f 2369 2367 2371
f 2370 2369 2371
f 2911 2910 2906
f 2912 2911 2906
f 2914 2912 2906
f 2908 2914 2906
f 2912 2913 2907
f 2911 2912 2907
f 2909 2911 2907
f 2905 2909 2907
f 2372 2370 2362
f 2366 2372 2362
f 2364 2366 2362
f 2363 2364 2362
f 2369 2371 2365
f 2361 2369 2365
f 2363 2361 2365
f 2364 2363 2365
f 2917 2916 2912
f 2918 2917 2912
f 2920 2918 2912
f 2914 2920 2912
f 2918 2919 2913
f 2917 2918 2913
f 2915 2917 2913
f 2911 2915 2913
f 2366 2364 2356
f 2360 2366 2356
f 2358 2360 2356
f 2357 2358 2356
f 2363 2365 2359
f 2355 2363 2359
f 2357 2355 2359
f 2358 2357 2359
f 2923 2922 2918
f 2924 2923 2918
f 2926 2924 2918
f 2920 2926 2918
f 2924 2925 2919
f 2923 2924 2919
f 2921 2923 2919
f 2917 2921 2919
f 2360 2358 2350
f 2354 2360 2350
f 2352 2354 2350
f 2351 2352 2350
f 2357 2359 2353
f 2349 2357 2353
f 2351 2349 2353
f 2352 2351 2353
f 2929 2928 2924
f 2930 2929 2924
f 2932 2930 2924
f 2926 2932 2924
f 2930 2931 2925
f 2929 2930 2925
f 2927 2929 2925
f 2923 2927 2925
f 2354 2352 2344
f 2348 2354 2344
f 2346 2348 2344
f 2345 2346 2344
f 2351 2353 2347
f 2343 2351 2347
f 2345 2343 2347
f 2346 2345 2347
f 2935 2934 2930
f 2936 2935 2930
f 2938 2936 2930
f 2932 2938 2930
f 2936 2937 2931
f 2935 2936 2931
f 2933 2935 2931
f 2929 2933 2931
f 2348 2346 2338
f 2342 2348 2338
f 2340 2342 2338
f 2339 2340 2338
f 2345 2347 2341
f 2337 2345 2341
f 2339 2337 2341
f 2340 2339 2341
f 2941 2940 2936
f 2942 2941 2936
f 2944 2942 2936
f 2938 2944 2936
f 2942 2943 2937
f 2941 2942 2937
f 2939 2941 2937
f 2935 2939 2937
f 2342 2340 2332
f 2336 2342 2332
f 2334 2336 2332
f 2333 2334 2332
f 2339 2341 2335
f 2331 2339 2335
f 2333 2331 2335
f 2334 2333 2335
f 2947 2946 2942
f 2948 2947 2942
f 2950 2948 2942
f 2944 2950 2942
f 2948 2949 2943
f 2947 2948 2943
f 2945 2947 2943
f 2941 2945 2943
f 2336 2334 2326
f 2330 2336 2326
f 2328 2330 2326
f 2327 2328 2326
f 2333 2335 2329
f 2325 2333 2329
f 2327 2325 2329
f 2328 2327 2329
f 2953 2952 2948
f 2954 2953 2948
f 2956 2954 2948
f 2950 2956 2948
f 2954 2955 2949
f 2953 2954 2949
f 2951 2953 2949
f 2947 2951 2949
f 2330 2328 2320
f 2324 2330 2320
f 2322 2324 2320
f 2321 2322 2320
f 2327 2329 2323
f 2319 2327 2323
f 2321 2319 2323
f 2322 2321 2323
f 2959 2958 2954
f 2960 2959 2954
f 2962 2960 2954
f 2956 2962 2954
f 2960 2961 2955
f 2959 2960 2955
f 2957 2959 2955
f 2953 2957 2955
f 2324 2322 2314
f 2318 2324 2314
f 2316 2318 2314
f 2315 2316 2314
f 2321 2323 2317
f 2313 2321 2317
f 2315 2313 2317
f 2316 2315 2317
f 2965 2964 2960
f 2966 2965 2960
f 2968 2966 2960
f 2962 2968 2960
f 2966 2967 2961
f 2965 2966 2961
f 2963 2965 2961
f 2959 2963 2961
f 2318 2316 2308
f 2312 2318 2308
f 2310 2312 2308
f 2309 2310 2308
f 2315 2317 2311
f 2307 2315 2311
f 2309 2307 2311
f 2310 2309 2311
f 2971 2970 2966
f 2972 2971 2966
f 2974 2972 2966
f 2968 2974 2966
f 2972 2973 2967
f 2971 2972 2967
f 2969 2971 2967
f 2965 2969 2967
f 2312 2310 2302
f 2306 2312 2302
f 2304 2306 2302
f 2303 2304 2302
f 2309 2311 2305
f 2301 2309 2305
f 2303 2301 2305
f 2304 2303 2305
f 2977 2976 2972
f 2978 2977 2972
f 2980 2978 2972
f 2974 2980 2972
f 2978 2979 2973
f 2977 2978 2973
f 2975 2977 2973
f 2971 2975 2973
f 2306 2304 2296
f 2300 2306 2296
f 2298 2300 2296
f 2297 2298 2296
f 2303 2305 2299
f 2295 2303 2299
f 2297 2295 2299
f 2298 2297 2299
f 2983 2982 2978
f 2984 2983 2978
f 2986 2984 2978
f 2980 2986 2978
f 2984 2985 2979
f 2983 2984 2979
f 2981 2983 2979
f 2977 2981 2979
f 2300 2298 2290
f 2294 2300 2290
f 2292 2294 2290
f 2291 2292 2290
f 2297 2299 2293
f 2289 2297 2293
f 2291 2289 2293
f 2292 2291 2293
f 2989 2988 2984
f 2990 2989 2984
f 2992 2990 2984
f 2986 2992 2984
f 2990 2991 2985
f 2989 2990 2985
f 2987 2989 2985
f 2983 2987 2985
f 2294 2292 2284
f 2288 2294 2284
f 2286 2288 2284
f 2285 2286 2284
f 2291 2293 2287
f 2283 2291 2287
f 2285 2283 2287
f 2286 2285 2287
f 2995 2994 2990
f 2996 2995 2990
f 2998 2996 2990
f 2992 2998 2990
f 2996 2997 2991
f 2995 2996 2991
f 2993 2995 2991
f 2989 2993 2991
f 2288 2286 2278
f 2282 2288 2278
f 2280 2282 2278
f 2279 2280 2278
f 2285 2287 2281
f 2277 2285 2281
f 2279 2277 2281
f 2280 2279 2281
f 3001 3000 2996
f 3002 3001 2996
f 3004 3002 2996
f 2998 3004 2996
f 3002 3003 2997
f 3001 3002 2997
f 2999 3001 2997
f 2995 2999 2997
f 2282 2280 2272
f 2276 2282 2272
f 2274 2276 2272
f 2273 2274 2272
f 2279 2281 2275
f 2271 2279 2275
f 2273 2271 2275
f 2274 2273 2275
f 3007 3006 3002
f 3008 3007 3002
f 3010 3008 3002
f 3004 3010 3002
f 3008 3009 3003
f 3007 3008 3003
f 3005 3007 3003
f 3001 3005 3003
f 2276 2274 2266
f 2270 2276 2266
f 2268 2270 2266
f 2267 2268 2266
f 2273 2275 2269
f 2265 2273 2269
f 2267 2265 2269
f 2268 2267 2269
f 3013 3012 3008
f 3014 3013 3008
f 3016 3014 3008
f 3010 3016 3008
f 3014 3015 3009
f 3013 3014 3009
f 3011 3013 3009
f 3007 3011 3009
f 2270 2268 2260
f 2264 2270 2260
f 2262 2264 2260
f 2261 2262 2260
f 2267 2269 2263
f 2259 2267 2263
f 2261 2259 2263
f 2262 2261 2263
f 3019 3018 3014
f 3020 3019 3014
f 3022 3020 3014
f 3016 3022 3014
f 3020 3021 3015
f 3019 3020 3015
f 3017 3019 3015
f 3013 3017 3015
f 2264 2262 2254
f 2258 2264 2254
f 2256 2258 2254
f 2255 2256 2254
f 2261 2263 2257
f 2253 2261 2257
f 2255 2253 2257
f 2256 2255 2257
f 3025 3024 3020
f 3026 3025 3020
f 3028 3026 3020
f 3022 3028 3020
f 3026 3027 3021
f 3025 3026 3021
f 3023 3025 3021
f 3019 3023 3021
f 2258 2256 2248
f 2252 2258 2248
f 2250 2252 2248
f 2249 2250 2248
f 2255 2257 2251
f 2247 2255 2251
f 2249 2247 2251
f 2250 2249 2251
f 3031 3030 3026
f 3032 3031 3026
f 3034 3032 3026
f 3028 3034 3026
f 3032 3033 3027
f 3031 3032 3027
f 3029 3031 3027
f 3025 3029 3027
f 2252 2250 2242
f 2246 2252 2242
f 2244 2246 2242
f 2243 2244 2242
f 2249 2251 2245
f 2241 2249 2245
f 2243 2241 2245
f 2244 2243 2245
f 3037 3036 3032
f 3038 3037 3032
f 3040 3038 3032
f 3034 3040 3032
f 3038 3039 3033
f 3037 3038 3033
f 3035 3037 3033
f 3031 3035 3033
f 2246 2244 2236
f 2240 2246 2236
f 2238 2240 2236
f 2237 2238 2236
f 2243 2245 2239
f 2235 2243 2239
f 2237 2235 2239
f 2238 2237 2239
f 3043 3042 3038
f 3044 3043 3038
f 3046 3044 3038
f 3040 3046 3038
f 3044 3045 3039
f 3043 3044 3039
f 3041 3043 3039
f 3037 3041 3039
f 2240 2238 2230
f 2234 2240 2230
f 2232 2234 2230
f 2231 2232 2230
f 2237 2239 2233
f 2229 2237 2233
f 2231 2229 2233
f 2232 2231 2233
f 3049 3048 3044
f 3050 3049 3044
f 3052 3050 3044
f 3046 3052 3044
f 3050 3051 3045
f 3049 3050 3045
f 3047 3049 3045
f 3043 3047 3045
f 2234 2232 2224
f 2228 2234 2224
f 2226 2228 2224
f 2225 2226 2224
f 2231 2233 2227
f 2223 2231 2227
f 2225 2223 2227
f 2226 2225 2227
f 3055 3054 3050
f 3056 3055 3050
f 3058 3056 3050
f 3052 3058 3050
f 3056 3057 3051
f 3055 3056 3051
f 3053 3055 3051
f 3049 3053 3051
f 2228 2226 2218
f 2222 2228 2218
f 2220 2222 2218
f 2219 2220 2218
f 2225 2227 2221
f 2217 2225 2221
f 2219 2217 2221
f 2220 2219 2221
f 3061 3060 3056
f 3062 3061 3056
f 3064 3062 3056
f 3058 3064 3056
f 3062 3063 3057
f 3061 3062 3057
f 3059 3061 3057
f 3055 3059 3057
f 2222 2220 2214
f 2216 2222 2214
f 2219 2221 2215
f 2213 2219 2215
f 3068 3066 3062
f 3064 3068 3062
f 3065 3067 3063
f 3061 3065 3063
f 2822 2821 2469
f 2470 2822 2469
f 2642 2641 2635
f 2636 2642 2635
f 2638 2637 2629
f 2630 2638 2629
f 2648 2647 2643
f 2644 2648 2643
f 2632 2631 2623
f 2624 2632 2623
f 2654 2653 2649
f 2650 2654 2649
f 2626 2625 2617
f 2618 2626 2617
f 2660 2659 2655
f 2656 2660 2655
f 2620 2619 2611
f 2612 2620 2611
f 2666 2665 2661
f 2662 2666 2661
f 2614 2613 2605
f 2606 2614 2605
f 2672 2671 2667
f 2668 2672 2667
f 2608 2607 2599
f 2600 2608 2599
f 2678 2677 2673
f 2674 2678 2673
f 2602 2601 2593
f 2594 2602 2593
f 2684 2683 2679
f 2680 2684 2679
f 2596 2595 2587
f 2588 2596 2587
f 2690 2689 2685
f 2686 2690 2685
f 2590 2589 2581
f 2582 2590 2581
f 2696 2695 2691
f 2692 2696 2691
f 2584 2583 2575
f 2576 2584 2575
f 2702 2701 2697
f 2698 2702 2697
f 2578 2577 2569
f 2570 2578 2569
f 2708 2707 2703
f 2704 2708 2703
f 2572 2571 2563
f 2564 2572 2563
f 2714 2713 2709
f 2710 2714 2709
f 2566 2565 2557
f 2558 2566 2557
f 2720 2719 2715
f 2716 2720 2715
f 2560 2559 2551
f 2552 2560 2551
f 2726 2725 2721
f 2722 2726 2721
f 2554 2553 2545
f 2546 2554 2545
f 2732 2731 2727
f 2728 2732 2727
f 2548 2547 2539
f 2540 2548 2539
f 2738 2737 2733
f 2734 2738 2733
f 2542 2541 2533
f 2534 2542 2533
f 2744 2743 2739
f 2740 2744 2739
f 2536 2535 2527
f 2528 2536 2527
f 2750 2749 2745
f 2746 2750 2745
f 2530 2529 2521
f 2522 2530 2521
f 2756 2755 2751
f 2752 2756 2751
f 2524 2523 2515
f 2516 2524 2515
f 2762 2761 2757
f 2758 2762 2757
f 2518 2517 2509
f 2510 2518 2509
f 2768 2767 2763
f 2764 2768 2763
f 2512 2511 2503
f 2504 2512 2503
f 2774 2773 2769
f 2770 2774 2769
f 2506 2505 2497
f 2498 2506 2497
f 2780 2779 2775
f 2776 2780 2775
f 2500 2499 2491
f 2492 2500 2491
f 2786 2785 2781
f 2782 2786 2781
f 2494 2493 2485
f 2486 2494 2485
f 2792 2791 2787
f 2788 2792 2787
f 2488 2487 2479
f 2480 2488 2479
f 2798 2797 2793
f 2794 2798 2793
f 2482 2481 2473
f 2474 2482 2473
f 2804 2803 2799
f 2800 2804 2799
f 2476 2475 2463
f 2464 2476 2463
f 2810 2809 2805
f 2806 2810 2805
f 2466 2465 2457
f 2458 2466 2457
f 2816 2815 2811
f 2812 2816 2811
f 2460 2459 2451
f 2452 2460 2451
f 2826 2825 2817
f 2818 2826 2817
f 2454 2453 2445
f 2446 2454 2445
f 2832 2831 2827
f 2828 2832 2827
f 2448 2447 2439
f 2440 2448 2439
f 2838 2837 2833
f 2834 2838 2833
f 2442 2441 2433
f 2434 2442 2433
f 2844 2843 2839
f 2840 2844 2839
f 2436 2435 2427
f 2428 2436 2427
f 2850 2849 2845
f 2846 2850 2845
f 2430 2429 2421
f 2422 2430 2421
f 2856 2855 2851
f 2852 2856 2851
f 2424 2423 2415
f 2416 2424 2415
f 2862 2861 2857
f 2858 2862 2857
f 2418 2417 2409
f 2410 2418 2409
f 2868 2867 2863
f 2864 2868 2863
f 2412 2411 2403
f 2404 2412 2403
f 2874 2873 2869
f 2870 2874 2869
f 2406 2405 2397
f 2398 2406 2397
f 2880 2879 2875
f 2876 2880 2875
f 2400 2399 2391
f 2392 2400 2391
f 2886 2885 2881
f 2882 2886 2881
f 2394 2393 2385
f 2386 2394 2385
f 2892 2891 2887
f 2888 2892 2887
f 2388 2387 2379
f 2380 2388 2379
f 2898 2897 2893
f 2894 2898 2893
f 2382 2381 2373
f 2374 2382 2373
f 2904 2903 2899
f 2900 2904 2899
f 2376 2375 2367
f 2368 2376 2367
f 2910 2909 2905
f 2906 2910 2905
f 2370 2369 2361
f 2362 2370 2361
f 2916 2915 2911
f 2912 2916 2911
f 2364 2363 2355
f 2356 2364 2355
f 2922 2921 2917
f 2918 2922 2917
f 2358 2357 2349
f 2350 2358 2349
f 2928 2927 2923
f 2924 2928 2923
f 2352 2351 2343
f 2344 2352 2343
f 2934 2933 2929
f 2930 2934 2929
f 2346 2345 2337
f 2338 2346 2337
f 2940 2939 2935
f 2936 2940 2935
f 2340 2339 2331
f 2332 2340 2331
f 2946 2945 2941
f 2942 2946 2941
f 2334 2333 2325
f 2326 2334 2325
f 2952 2951 2947
f 2948 2952 2947
f 2328 2327 2319
f 2320 2328 2319
f 2958 2957 2953
f 2954 2958 2953
f 2322 2321 2313
f 2314 2322 2313
f 2964 2963 2959
f 2960 2964 2959
f 2316 2315 2307
f 2308 2316 2307
f 2970 2969 2965
f 2966 2970 2965
f 2310 2309 2301
f 2302 2310 2301
f 2976 2975 2971
f 2972 2976 2971
f 2304 2303 2295
f 2296 2304 2295
f 2982 2981 2977
f 2978 2982 2977
f 2298 2297 2289
f 2290 2298 2289
f 2988 2987 2983
f 2984 2988 2983
f 2292 2291 2283
f 2284 2292 2283
f 2994 2993 2989
f 2990 2994 2989
f 2286 2285 2277
f 2278 2286 2277
f 3000 2999 2995
f 2996 3000 2995
f 2280 2279 2271
f 2272 2280 2271
f 3006 3005 3001
f 3002 3006 3001
f 2274 2273 2265
f 2266 2274 2265
f 3012 3011 3007
f 3008 3012 3007
f 2268 2267 2259
f 2260 2268 2259
f 3018 3017 3013
f 3014 3018 3013
f 2262 2261 2253
f 2254 2262 2253
f 3024 3023 3019
f 3020 3024 3019
f 2256 2255 2247
f 2248 2256 2247
f 3030 3029 3025
f 3026 3030 3025
f 2250 2249 2241
f 2242 2250 2241
f 3036 3035 3031
f 3032 3036 3031
f 2244 2243 2235
f 2236 2244 2235
f 3042 3041 3037
f 3038 3042 3037
f 2238 2237 2229
f 2230 2238 2229
f 3048 3047 3043
f 3044 3048 3043
f 2232 2231 2223
f 2224 2232 2223
f 3054 3053 3049
f 3050 3054 3049
f 2226 2225 2217
f 2218 2226 2217
f 3060 3059 3055
f 3056 3060 3055
f 2220 2219 2213
f 2214 2220 2213
f 3066 3065 3061
f 3062 3066 3061
f 2472 2471 2823
f 2824 2472 2823
f 3063 3064 3067
f 3058 3063 3067
f 3057 3058 3067
f 3052 3057 3067
f 3051 3052 3067
f 3046 3051 3067
f 3045 3046 3067
f 3040 3045 3067
f 3039 3040 3067
f 3034 3039 3067
f 3033 3034 3067
f 3028 3033 3067
f 3027 3028 3067
f 3022 3027 3067
f 3021 3022 3067
f 3016 3021 3067
f 3015 3016 3067
f 3010 3015 3067
f 3009 3010 3067
f 3004 3009 3067
f 3003 3004 3067
f 2998 3003 3067
f 2997 2998 3067
f 2992 2997 3067
f 2991 2992 3067
f 2986 2991 3067
f 2985 2986 3067
f 2980 2985 3067
f 2979 2980 3067
f 2974 2979 3067
f 2973 2974 3067
f 2968 2973 3067
f 2967 2968 3067
f 2962 2967 3067
f 2961 2962 3067
f 2956 2961 3067
f 2955 2956 3067
f 2950 2955 3067
f 2949 2950 3067
f 2944 2949 3067
f 2943 2944 3067
f 2938 2943 3067
f 2937 2938 3067
f 2932 2937 3067
f 2931 2932 3067
f 2926 2931 3067
f 2925 2926 3067
f 2920 2925 3067
f 2919 2920 3067
f 2914 2919 3067
f 2913 2914 3067
f 2908 2913 3067
f 2907 2908 3067
f 2902 2907 3067
f 2901 2902 3067
f 2896 2901 3067
f 2895 2896 3067
f 2890 2895 3067
f 2889 2890 3067
f 2884 2889 3067
f 2883 2884 3067
f 2878 2883 3067
f 2877 2878 3067
f 2872 2877 3067
f 2871 2872 3067
f 2866 2871 3067
f 2865 2866 3067
f 2860 2865 3067
f 2859 2860 3067
f 2854 2859 3067
f 2853 2854 3067
f 2848 2853 3067
f 2847 2848 3067
f 2842 2847 3067
f 2841 2842 3067
f 2836 2841 3067
f 2835 2836 3067
f 2830 2835 3067
f 2829 2830 3067
f 2820 2829 3067
f 2819 2820 3067
f 2814 2819 3067
f 2813 2814 3067
f 2808 2813 3067
f 2807 2808 3067
f 2802 2807 3067
f 2801 2802 3067
f 2796 2801 3067
f 2795 2796 3067
f 2790 2795 3067
f 2789 2790 3067
f 2784 2789 3067
f 2783 2784 3067
f 2778 2783 3067
f 2777 2778 3067
f 2772 2777 3067
f 2771 2772 3067
f 2766 2771 3067
f 2765 2766 3067
f 2760 2765 3067
f 2759 2760 3067
f 2754 2759 3067
f 2753 2754 3067
f 2748 2753 3067
f 2747 2748 3067
f 2742 2747 3067
f 2741 2742 3067
f 2736 2741 3067
f 2735 2736 3067
f 2730 2735 3067
f 2729 2730 3067
f 2724 2729 3067
f 2723 2724 3067
f 2718 2723 3067
f 2717 2718 3067
f 2712 2717 3067
f 2711 2712 3067
f 2706 2711 3067
f 2705 2706 3067
f 2700 2705 3067
f 2699 2700 3067
f 2694 2699 3067
f 2693 2694 3067
f 2688 2693 3067
f 2687 2688 3067
f 2682 2687 3067
f 2681 2682 3067
f 2676 2681 3067
f 2675 2676 3067
f 2670 2675 3067
f 2669 2670 3067
f 2664 2669 3067
f 2663 2664 3067
f 2658 2663 3067
f 2657 2658 3067
f 2652 2657 3067
f 2651 2652 3067
f 2646 2651 3067
f 2645 2646 3067
f 2640 2645 3067
f 2639 2640 3067
f 2634 2639 3067
f 2633 2634 3067
f 2628 2633 3067
f 2627 2628 3067
f 2622 2627 3067
f 2621 2622 3067
f 2616 2621 3067
f 2615 2616 3067
f 2610 2615 3067
f 2609 2610 3067
f 2604 2609 3067
f 2603 2604 3067
f 2598 2603 3067
f 2597 2598 3067
f 2592 2597 3067
f 2591 2592 3067
f 2586 2591 3067
f 2585 2586 3067
f 2580 2585 3067
f 2579 2580 3067
f 2574 2579 3067
f 2573 2574 3067
f 2568 2573 3067
f 2567 2568 3067
f 2562 2567 3067
f 2561 2562 3067
f 2556 2561 3067
f 2555 2556 3067
f 2550 2555 3067
f 2549 2550 3067
f 2544 2549 3067
f 2543 2544 3067
f 2538 2543 3067
f 2537 2538 3067
f 2532 2537 3067
f 2531 2532 3067
f 2526 2531 3067
f 2525 2526 3067
f 2520 2525 3067
f 2519 2520 3067
f 2514 2519 3067
f 2513 2514 3067
f 2508 2513 3067
f 2507 2508 3067
f 2502 2507 3067
f 2501 2502 3067
f 2496 2501 3067
f 2495 2496 3067
f 2490 2495 3067
f 2489 2490 3067
f 2484 2489 3067
f 2483 2484 3067
f 2478 2483 3067
f 2477 2478 3067
f 2468 2477 3067
f 2467 2468 3067
f 2462 2467 3067
f 2461 2462 3067
f 2456 2461 3067
f 2455 2456 3067
f 2450 2455 3067
f 2449 2450 3067
f 2444 2449 3067
f 2443 2444 3067
f 2438 2443 3067
f 2437 2438 3067
f 2432 2437 3067
f 2431 2432 3067
f 2426 2431 3067
f 2425 2426 3067
f 2420 2425 3067
f 2419 2420 3067
f 2414 2419 3067
f 2413 2414 3067
f 2408 2413 3067
f 2407 2408 3067
f 2402 2407 3067
f 2401 2402 3067
f 2396 2401 3067
f 2395 2396 3067
f 2390 2395 3067
f 2389 2390 3067
f 2384 2389 3067
f 2383 2384 3067
f 2378 2383 3067
f 2377 2378 3067
f 2372 2377 3067
f 2371 2372 3067
f 2366 2371 3067
f 2365 2366 3067
f 2360 2365 3067
f 2359 2360 3067
f 2354 2359 3067
f 2353 2354 3067
f 2348 2353 3067
f 2347 2348 3067
f 2342 2347 3067
f 2341 2342 3067
f 2336 2341 3067
f 2335 2336 3067
f 2330 2335 3067
f 2329 2330 3067
f 2324 2329 3067
f 2323 2324 3067
f 2318 2323 3067
f 2317 2318 3067
f 2312 2317 3067
f 2311 2312 3067
f 2306 2311 3067
f 2305 2306 3067
f 2300 2305 3067
f 2299 2300 3067
f 2294 2299 3067
f 2293 2294 3067
f 2288 2293 3067
f 2287 2288 3067
f 2282 2287 3067
f 2281 2282 3067
f 2276 2281 3067
f 2275 2276 3067
f 2270 2275 3067
f 2269 2270 3067
f 2264 2269 3067
f 2263 2264 3067
f 2258 2263 3067
f 2257 2258 3067
f 2252 2257 3067
f 2251 2252 3067
f 2246 2251 3067
f 2245 2246 3067
f 2240 2245 3067
f 2239 2240 3067
f 2234 2239 3067
f 2233 2234 3067
f 2228 2233 3067
f 2227 2228 3067
f 2222 2227 3067
f 2221 2222 3067
f 2215 2221 3067
f 2216 2215 3067
f 2221 2216 3067
f 2222 2221 3067
f 2227 2222 3067
f 2228 2227 3067
f 2233 2228 3067
f 2234 2233 3067
f 2239 2234 3067
f 2240 2239 3067
f 2245 2240 3067
f 2246 2245 3067
f 2251 2246 3067
f 2252 2251 3067
f 2257 2252 3067
f 2258 2257 3067
f 2263 2258 3067
f 2264 2263 3067
f 2269 2264 3067
f 2270 2269 3067
f 2275 2270 3067
f 2276 2275 3067
f 2281 2276 3067
f 2282 2281 3067
f 2287 2282 3067
f 2288 2287 3067
f 2293 2288 3067
f 2294 2293 3067
f 2299 2294 3067
f 2300 2299 3067
f 2305 2300 3067
f 2306 2305 3067
f 2311 2306 3067
f 2312 2311 3067
f 2317 2312 3067
f 2318 2317 3067
f 2323 2318 3067
f 2324 2323 3067
f 2329 2324 3067
f 2330 2329 3067
f 2335 2330 3067
f 2336 2335 3067
f 2341 2336 3067
f 2342 2341 3067
f 2347 2342 3067
f 2348 2347 3067
f 2353 2348 3067
f 2354 2353 3067
f 2359 2354 3067
f 2360 2359 3067
f 2365 2360 3067
f 2366 2365 3067
f 2371 2366 3067
f 2372 2371 3067
f 2377 2372 3067
f 2378 2377 3067
f 2383 2378 3067
f 2384 2383 3067
f 2389 2384 3067
f 2390 2389 3067
f 2395 2390 3067
f 2396 2395 3067
f 2401 2396 3067
f 2402 2401 3067
f 2407 2402 3067
f 2408 2407 3067
f 2413 2408 3067
f 2414 2413 3067
f 2419 2414 3067
f 2420 2419 3067
f 2425 2420 3067
f 2426 2425 3067
f 2431 2426 3067
f 2432 2431 3067
f 2437 2432 3067
f 2438 2437 3067
f 2443 2438 3067
f 2444 2443 3067
f 2449 2444 3067
f 2450 2449 3067
f 2455 2450 3067
f 2456 2455 3067
f 2461 2456 3067
f 2462 2461 3067
f 2467 2462 3067
f 2468 2467 3067
f 2477 2468 3067
f 2478 2477 3067
f 2483 2478 3067
f 2484 2483 3067
f 2489 2484 3067
f 2490 2489 3067
f 2495 2490 3067
f 2496 2495 3067
f 2501 2496 3067
f 2502 2501 3067
f 2507 2502 3067
f 2508 2507 3067
f 2513 2508 3067
f 2514 2513 3067
f 2519 2514 3067
f 2520 2519 3067
f 2525 2520 3067
f 2526 2525 3067
f 2531 2526 3067
f 2532 2531 3067
f 2537 2532 3067
f 2538 2537 3067
f 2543 2538 3067
f 2544 2543 3067
f 2549 2544 3067
f 2550 2549 3067
f 2555 2550 3067
f 2556 2555 3067
f 2561 2556 3067
f 2562 2561 3067
f 2567 2562 3067
f 2568 2567 3067
f 2573 2568 3067
f 2574 2573 3067
f 2579 2574 3067
f 2580 2579 3067
f 2585 2580 3067
f 2586 2585 3067
f 2591 2586 3067
f 2592 2591 3067
f 2597 2592 3067
f 2598 2597 3067
f 2603 2598 3067
f 2604 2603 3067
f 2609 2604 3067
f 2610 2609 3067
f 2615 2610 3067
f 2616 2615 3067
f 2621 2616 3067
f 2622 2621 3067
f 2627 2622 3067
f 2628 2627 3067
f 2633 2628 3067
f 2634 2633 3067
f 2639 2634 3067
f 2640 2639 3067
f 2645 2640 3067
f 2646 2645 3067
f 2651 2646 3067
f 2652 2651 3067
f 2657 2652 3067
f 2658 2657 3067
f 2663 2658 3067
f 2664 2663 3067
f 2669 2664 3067
f 2670 2669 3067
f 2675 2670 3067
f 2676 2675 3067
f 2681 2676 3067
f 2682 2681 3067
f 2687 2682 3067
f 2688 2687 3067
f 2693 2688 3067
f 2694 2693 3067
f 2699 2694 3067
f 2700 2699 3067
f 2705 2700 3067
f 2706 2705 3067
f 2711 2706 3067
f 2712 2711 3067
f 2717 2712 3067
f 2718 2717 3067
f 2723 2718 3067
f 2724 2723 3067
f 2729 2724 3067
f 2730 2729 3067
f 2735 2730 3067
f 2736 2735 3067
f 2741 2736 3067
f 2742 2741 3067
f 2747 2742 3067
f 2748 2747 3067
f 2753 2748 3067
f 2754 2753 3067
f 2759 2754 3067
f 2760 2759 3067
f 2765 2760 3067
f 2766 2765 3067
f 2771 2766 3067
f 2772 2771 3067
f 2777 2772 3067
f 2778 2777 3067
f 2783 2778 3067
f 2784 2783 3067
f 2789 2784 3067
f 2790 2789 3067
f 2795 2790 3067
f 2796 2795 3067
f 2801 2796 3067
f 2802 2801 3067
f 2807 2802 3067
f 2808 2807 3067
f 2813 2808 3067
f 2814 2813 3067
f 2819 2814 3067
f 2820 2819 3067
f 2829 2820 3067
f 2830 2829 3067
f 2835 2830 3067
f 2836 2835 3067
f 2841 2836 3067
f 2842 2841 3067
f 2847 2842 3067
f 2848 2847 3067
f 2853 2848 3067
f 2854 2853 3067
f 2859 2854 3067
f 2860 2859 3067
f 2865 2860 3067
f 2866 2865 3067
f 2871 2866 3067
f 2872 2871 3067
f 2877 2872 3067
f 2878 2877 3067
f 2883 2878 3067
f 2884 2883 3067
f 2889 2884 3067
f 2890 2889 3067
f 2895 2890 3067
f 2896 2895 3067
f 2901 2896 3067
f 2902 2901 3067
f 2907 2902 3067
f 2908 2907 3067
f 2913 2908 3067
f 2914 2913 3067
f 2919 2914 3067
f 2920 2919 3067
f 2925 2920 3067
f 2926 2925 3067
f 2931 2926 3067
f 2932 2931 3067
f 2937 2932 3067
f 2938 2937 3067
f 2943 2938 3067
f 2944 2943 3067
f 2949 2944 3067
f 2950 2949 3067
f 2955 2950 3067
f 2956 2955 3067
f 2961 2956 3067
f 2962 2961 3067
f 2967 2962 3067
f 2968 2967 3067
f 2973 2968 3067
f 2974 2973 3067
f 2979 2974 3067
f 2980 2979 3067
f 2985 2980 3067
f 2986 2985 3067
f 2991 2986 3067
f 2992 2991 3067
f 2997 2992 3067
f 2998 2997 3067
f 3003 2998 3067
f 3004 3003 3067
f 3009 3004 3067
f 3010 3009 3067
f 3015 3010 3067
f 3016 3015 3067
f 3021 3016 3067
f 3022 3021 3067
f 3027 3022 3067
f 3028 3027 3067
f 3033 3028 3067
f 3034 3033 3067
f 3039 3034 3067
f 3040 3039 3067
f 3045 3040 3067
f 3046 3045 3067
f 3051 3046 3067
f 3052 3051 3067
f 3057 3052 3067
f 3058 3057 3067
f 3063 3058 3067
f 3064 3063 3067
f 3063 3064 3067
f 3058 3063 3067
f 3057 3058 3067
f 3052 3057 3067
f 3051 3052 3067
f 3046 3051 3067
f 3045 3046 3067
f 3040 3045 3067
f 3039 3040 3067
f 3034 3039 3067
f 3033 3034 3067
f 3028 3033 3067
f 3027 3028 3067
f 3022 3027 3067
f 3021 3022 3067
f 3016 3021 3067
f 3015 3016 3067
f 3010 3015 3067
f 3009 3010 3067
f 3004 3009 3067
f 3003 3004 3067
f 2998 3003 3067
f 2997 2998 3067
f 2992 2997 3067
f 2991 2992 3067
f 2986 2991 3067
f 2985 2986 3067
f 2980 2985 3067
f 2979 2980 3067
f 2974 2979 3067
f 2973 2974 3067
f 2968 2973 3067
f 2967 2968 3067
f 2962 2967 3067
f 2961 2962 3067
f 2956 2961 3067
f 2955 2956 3067
f 2950 2955 3067
f 2949 2950 3067
f 2944 2949 3067
f 2943 2944 3067
f 2938 2943 3067
f 2937 2938 3067
f 2932 2937 3067
f 2931 2932 3067
f 2926 2931 3067
f 2925 2926 3067
f 2920 2925 3067
f 2919 2920 3067
f 2914 2919 3067
f 2913 2914 3067
f 2908 2913 3067
f 2907 2908 3067
f 2902 2907 3067
f 2901 2902 3067
f 2896 2901 3067
f 2895 2896 3067
f 2890 2895 3067
f 2889 2890 3067
f 2884 2889 3067
f 2883 2884 3067
f 2878 2883 3067
f 2877 2878 3067
f 2872 2877 3067
f 2871 2872 3067
f 2866 2871 3067
f 2865 2866 3067
f 2860 2865 3067
f 2859 2860 3067
f 2854 2859 3067
f 2853 2854 3067
f 2848 2853 3067
f 2847 2848 3067
f 2842 2847 3067
f 2841 2842 3067
f 2836 2841 3067
f 2835 2836 3067
f 2830 2835 3067
f 2829 2830 3067
f 2820 2829 3067
f 2819 2820 3067
f 2814 2819 3067
f 2813 2814 3067
f 2808 2813 3067
f 2807 2808 3067
f 2802 2807 3067
f 2801 2802 3067
f 2796 2801 3067
f 2795 2796 3067
f 2790 2795 3067
f 2789 2790 3067
f 2784 2789 3067
f 2783 2784 3067
f 2778 2783 3067
f 2777 2778 3067
f 2772 2777 3067
f 2771 2772 3067
f 2766 2771 3067
f 2765 2766 3067
f 2760 2765 3067
f 2759 2760 3067
f 2754 2759 3067
f 2753 2754 3067
f 2748 2753 3067
f 2747 2748 3067
f 2742 2747 3067
f 2741 2742 3067
f 2736 2741 3067
f 2735 2736 3067
f 2730 2735 3067
f 2729 2730 3067
f 2724 2729 3067
f 2723 2724 3067
f 2718 2723 3067
f 2717 2718 3067
f 2712 2717 3067
f 2711 2712 3067
f 2706 2711 3067
f 2705 2706 3067
f 2700 2705 3067
f 2699 2700 3067
f 2694 2699 3067
f 2693 2694 3067
f 2688 2693 3067
f 2687 2688 3067
f 2682 2687 3067
f 2681 2682 3067
f 2676 2681 3067
f 2675 2676 3067
f 2670 2675 3067
f 2669 2670 3067
f 2664 2669 3067
f 2663 2664 3067
f 2658 2663 3067
f 2657 2658 3067
f 2652 2657 3067
f 2651 2652 3067
f 2646 2651 3067
f 2645 2646 3067
f 2640 2645 3067
f 2639 2640 3067
f 2634 2639 3067
f 2633 2634 3067
f 2628 2633 3067
f 2627 2628 3067
f 2622 2627 3067
f 2621 2622 3067
f 2616 2621 3067
f 2615 2616 3067
f 2610 2615 3067
f 2609 2610 3067
f 2604 2609 3067
f 2603 2604 3067
f 2598 2603 3067
f 2597 2598 3067
f 2592 2597 3067
f 2591 2592 3067
f 2586 2591 3067
f 2585 2586 3067
f 2580 2585 3067
f 2579 2580 3067
f 2574 2579 3067
f 2573 2574 3067
f 2568 2573 3067
f 2567 2568 3067
f 2562 2567 3067
f 2561 2562 3067
f 2556 2561 3067
f 2555 2556 3067
f 2550 2555 3067
f 2549 2550 3067
f 2544 2549 3067
f 2543 2544 3067
f 2538 2543 3067
f 2537 2538 3067
f 2532 2537 3067
f 2531 2532 3067
f 2526 2531 3067
f 2525 2526 3067
f 2520 2525 3067
f 2519 2520 3067
f 2514 2519 3067
f 2513 2514 3067
f 2508 2513 3067
f 2507 2508 3067
f 2502 2507 3067
f 2501 2502 3067
f 2496 2501 3067
f 2495 2496 3067
f 2490 2495 3067
f 2489 2490 3067
f 2484 2489 3067
f 2483 2484 3067
f 2478 2483 3067
f 2477 2478 3067
f 2468 2477 3067
f 2467 2468 3067
f 2462 2467 3067
f 2461 2462 3067
f 2456 2461 3067
f 2455 2456 3067
f 2450 2455 3067
f 2449 2450 3067
f 2444 2449 3067
f 2443 2444 3067
f 2438 2443 3067
f 2437 2438 3067
f 2432 2437 3067
f 2431 2432 3067
f 2426 2431 3067
f 2425 2426 3067
f 2420 2425 3067
f 2419 2420 3067
f 2414 2419 3067
f 2413 2414 3067
f 2408 2413 3067
f 2407 2408 3067
f 2402 2407 3067
f 2401 2402 3067
f 2396 2401 3067
f 2395 2396 3067
f 2390 2395 3067
f 2389 2390 3067
f 2384 2389 3067
f 2383 2384 3067
f 2378 2383 3067
f 2377 2378 3067
f 2372 2377 3067
f 2371 2372 3067
f 2366 2371 3067
f 2365 2366 3067
f 2360 2365 3067
f 2359 2360 3067
f 2354 2359 3067
f 2353 2354 3067
f 2348 2353 3067
f 2347 2348 3067
f 2342 2347 3067
f 2341 2342 3067
f 2336 2341 3067
f 2335 2336 3067
f 2330 2335 3067
f 2329 2330 3067
f 2324 2329 3067
f 2323 2324 3067
f 2318 2323 3067
f 2317 2318 3067
f 2312 2317 3067
f 2311 2312 3067
f 2306 2311 3067
f 2305 2306 3067
f 2300 2305 3067
f 2299 2300 3067
f 2294 2299 3067
f 2293 2294 3067
f 2288 2293 3067
f 2287 2288 3067
f 2282 2287 3067
f 2281 2282 3067
f 2276 2281 3067
f 2275 2276 3067
f 2270 2275 3067
f 2269 2270 3067
f 2264 2269 3067
f 2263 2264 3067
f 2258 2263 3067
f 2257 2258 3067
f 2252 2257 3067
f 2251 2252 3067
f 2246 2251 3067
f 2245 2246 3067
f 2240 2245 3067
f 2239 2240 3067
f 2234 2239 3067
f 2233 2234 3067
f 2228 2233 3067
f 2227 2228 3067
f 2222 2227 3067
f 2221 2222 3067
f 2216 2221 3067
f 2221 2216 3067
f 2222 2221 3067
f 2227 2222 3067
f 2228 2227 3067
f 2233 2228 3067
f 2234 2233 3067
f 2239 2234 3067
f 2240 2239 3067
f 2245 2240 3067
f 2246 2245 3067
f 2251 2246 3067
f 2252 2251 3067
f 2257 2252 3067
f 2258 2257 3067
f 2263 2258 3067
f 2264 2263 3067
f 2269 2264 3067
f 2270 2269 3067
f 2275 2270 3067
f 2276 2275 3067
f 2281 2276 3067
f 2282 2281 3067
f 2287 2282 3067
f 2288 2287 3067
f 2293 2288 3067
f 2294 2293 3067
f 2299 2294 3067
f 2300 2299 3067
f 2305 2300 3067
f 2306 2305 3067
f 2311 2306 3067
f 2312 2311 3067
f 2317 2312 3067
f 2318 2317 3067
f 2323 2318 3067
f 2324 2323 3067
f 2329 2324 3067
f 2330 2329 3067
f 2335 2330 3067
f 2336 2335 3067
f 2341 2336 3067
f 2342 2341 3067
f 2347 2342 3067
f 2348 2347 3067
f 2353 2348 3067
f 2354 2353 3067
f 2359 2354 3067
f 2360 2359 3067
f 2365 2360 3067
f 2366 2365 3067
f 2371 2366 3067
f 2372 2371 3067
f 2377 2372 3067
f 2378 2377 3067
f 2383 2378 3067
f 2384 2383 3067
f 2389 2384 3067
f 2390 2389 3067
f 2395 2390 3067
f 2396 2395 3067
f 2401 2396 3067
f 2402 2401 3067
f 2407 2402 3067
f 2408 2407 3067
f 2413 2408 3067
f 2414 2413 3067
f 2419 2414 3067
f 2420 2419 3067
f 2425 2420 3067
f 2426 2425 3067
f 2431 2426 3067
f 2432 2431 3067
f 2437 2432 3067
f 2438 2437 3067
f 2443 2438 3067
f 2444 2443 3067
f 2449 2444 3067
f 2450 2449 3067
f 2455 2450 3067
f 2456 2455 3067
f 2461 2456 3067
f 2462 2461 3067
f 2467 2462 3067
f 2468 2467 3067
f 2477 2468 3067
f 2478 2477 3067
f 2483 2478 3067
f 2484 2483 3067
f 2489 2484 3067
f 2490 2489 3067
f 2495 2490 3067
f 2496 2495 3067
f 2501 2496 3067
f 2502 2501 3067
f 2507 2502 3067
f 2508 2507 3067
f 2513 2508 3067
f 2514 2513 3067
f 2519 2514 3067
f 2520 2519 3067
f 2525 2520 3067
f 2526 2525 3067
f 2531 2526 3067
f 2532 2531 3067
f 2537 2532 3067
f 2538 2537 3067
f 2543 2538 3067
f 2544 2543 3067
f 2549 2544 3067
f 2550 2549 3067
f 2555 2550 3067
f 2556 2555 3067
f 2561 2556 3067
f 2562 2561 3067
f 2567 2562 3067
f 2568 2567 3067
f 2573 2568 3067
f 2574 2573 3067
f 2579 2574 3067
f 2580 2579 3067
f 2585 2580 3067
f 2586 2585 3067
f 2591 2586 3067
f 2592 2591 3067
f 2597 2592 3067
f 2598 2597 3067
f 2603 2598 3067
f 2604 2603 3067
f 2609 2604 3067
f 2610 2609 3067
f 2615 2610 3067
f 2616 2615 3067
f 2621 2616 3067
f 2622 2621 3067
f 2627 2622 3067
f 2628 2627 3067
f 2633 2628 3067
f 2634 2633 3067
f 2639 2634 3067
f 2640 2639 3067
f 2645 2640 3067
f 2646 2645 3067
f 2651 2646 3067
f 2652 2651 3067
f 2657 2652 3067
f 2658 2657 3067
f 2663 2658 3067
f 2664 2663 3067
f 2669 2664 3067
f 2670 2669 3067
f 2675 2670 3067
f 2676 2675 3067
f 2681 2676 3067
f 2682 2681 3067
f 2687 2682 3067
f 2688 2687 3067
f 2693 2688 3067
f 2694 2693 3067
f 2699 2694 3067
f 2700 2699 3067
f 2705 2700 3067
f 2706 2705 3067
f 2711 2706 3067
f 2712 2711 3067
f 2717 2712 3067
f 2718 2717 3067
f 2723 2718 3067
f 2724 2723 3067
f 2729 2724 3067
f 2730 2729 3067
f 2735 2730 3067
f 2736 2735 3067
f 2741 2736 3067
f 2742 2741 3067
f 2747 2742 3067
f 2748 2747 3067
f 2753 2748 3067
f 2754 2753 3067
f 2759 2754 3067
f 2760 2759 3067
f 2765 2760 3067
f 2766 2765 3067
f 2771 2766 3067
f 2772 2771 3067
f 2777 2772 3067
f 2778 2777 3067
f 2783 2778 3067
f 2784 2783 3067
f 2789 2784 3067
f 2790 2789 3067
f 2795 2790 3067
f 2796 2795 3067
f 2801 2796 3067
f 2802 2801 3067
f 2807 2802 3067
f 2808 2807 3067
f 2813 2808 3067
f 2814 2813 3067
f 2819 2814 3067
f 2820 2819 3067
f 2829 2820 3067
f 2830 2829 3067
f 2835 2830 3067
f 2836 2835 3067
f 2841 2836 3067
f 2842 2841 3067
f 2847 2842 3067
f 2848 2847 3067
f 2853 2848 3067
f 2854 2853 3067
f 2859 2854 3067
f 2860 2859 3067
f 2865 2860 3067
f 2866 2865 3067
f 2871 2866 3067
f 2872 2871 3067
f 2877 2872 3067
f 2878 2877 3067
f 2883 2878 3067
f 2884 2883 3067
f 2889 2884 3067
f 2890 2889 3067
f 2895 2890 3067
f 2896 2895 3067
f 2901 2896 3067
f 2902 2901 3067
f 2907 2902 3067
f 2908 2907 3067
f 2913 2908 3067
f 2914 2913 3067
f 2919 2914 3067
f 2920 2919 3067
f 2925 2920 3067
f 2926 2925 3067
f 2931 2926 3067
f 2932 2931 3067
f 2937 2932 3067
f 2938 2937 3067
f 2943 2938 3067
f 2944 2943 3067
f 2949 2944 3067
f 2950 2949 3067
f 2955 2950 3067
f 2956 2955 3067
f 2961 2956 3067
f 2962 2961 3067
f 2967 2962 3067
f 2968 2967 3067
f 2973 2968 3067
f 2974 2973 3067
f 2979 2974 3067
f 2980 2979 3067
f 2985 2980 3067
f 2986 2985 3067
f 2991 2986 3067
f 2992 2991 3067
f 2997 2992 3067
f 2998 2997 3067
f 3003 2998 3067
f 3004 3003 3067
f 3009 3004 3067
f 3010 3009 3067
f 3015 3010 3067
f 3016 3015 3067
f 3021 3016 3067
f 3022 3021 3067
f 3027 3022 3067
f 3028 3027 3067
f 3033 3028 3067
f 3034 3033 3067
f 3039 3034 3067
f 3040 3039 3067
f 3045 3040 3067
f 3046 3045 3067
f 3051 3046 3067
f 3052 3051 3067
f 3057 3052 3067
f 3058 3057 3067
f 3063 3058 3067
f 3064 3063 3067
f 3068 3064 3067
f 2214 2213 2215
f 2216 2214 2215
f 2218 2217 2219
f 2220 2218 2219
f 2224 2223 2225
f 2226 2224 2225
f 2230 2229 2231
f 2232 2230 2231
f 2236 2235 2237
f 2238 2236 2237
f 2242 2241 2243
f 2244 2242 2243
f 2248 2247 2249
f 2250 2248 2249
f 2254 2253 2255
f 2256 2254 2255
f 2260 2259 2261
f 2262 2260 2261
f 2266 2265 2267
f 2268 2266 2267
f 2272 2271 2273
f 2274 2272 2273
f 2278 2277 2279
f 2280 2278 2279
f 2284 2283 2285
f 2286 2284 2285
f 2290 2289 2291
f 2292 2290 2291
f 2296 2295 2297
f 2298 2296 2297
f 2302 2301 2303
f 2304 2302 2303
f 2308 2307 2309
f 2310 2308 2309
f 2314 2313 2315
f 2316 2314 2315
f 2320 2319 2321
f 2322 2320 2321
f 2326 2325 2327
f 2328 2326 2327
f 2332 2331 2333
f 2334 2332 2333
f 2338 2337 2339
f 2340 2338 2339
f 2344 2343 2345
f 2346 2344 2345
f 2350 2349 2351
f 2352 2350 2351
f 2356 2355 2357
f 2358 2356 2357
f 2362 2361 2363
f 2364 2362 2363
f 2368 2367 2369
f 2370 2368 2369
f 2374 2373 2375
f 2376 2374 2375
f 2380 2379 2381
f 2382 2380 2381
f 2386 2385 2387
f 2388 2386 2387
f 2392 2391 2393
f 2394 2392 2393
f 2398 2397 2399
f 2400 2398 2399
f 2404 2403 2405
f 2406 2404 2405
f 2410 2409 2411
f 2412 2410 2411
f 2416 2415 2417
f 2418 2416 2417
f 2422 2421 2423
f 2424 2422 2423
f 2428 2427 2429
f 2430 2428 2429
f 2434 2433 2435
f 2436 2434 2435
f 2440 2439 2441
f 2442 2440 2441
f 2446 2445 2447
f 2448 2446 2447
f 2452 2451 2453
f 2454 2452 2453
f 2458 2457 2459
f 2460 2458 2459
f 2464 2463 2465
f 2466 2464 2465
f 2470 2469 2471
f 2472 2470 2471
f 2474 2473 2475
f 2476 2474 2475
f 2480 2479 2481
f 2482 2480 2481
f 2486 2485 2487
f 2488 2486 2487
f 2492 2491 2493
f 2494 2492 2493
f 2498 2497 2499
f 2500 2498 2499
f 2504 2503 2505
f 2506 2504 2505
f 2510 2509 2511
f 2512 2510 2511
f 2516 2515 2517
f 2518 2516 2517
f 2522 2521 2523
f 2524 2522 2523
f 2528 2527 2529
f 2530 2528 2529
f 2534 2533 2535
f 2536 2534 2535
f 2540 2539 2541
f 2542 2540 2541
f 2546 2545 2547
f 2548 2546 2547
f 2552 2551 2553
f 2554 2552 2553
f 2558 2557 2559
f 2560 2558 2559
f 2564 2563 2565
f 2566 2564 2565
f 2570 2569 2571
f 2572 2570 2571
f 2576 2575 2577
f 2578 2576 2577
f 2582 2581 2583
f 2584 2582 2583
f 2588 2587 2589
f 2590 2588 2589
f 2594 2593 2595
f 2596 2594 2595
f 2600 2599 2601
f 2602 2600 2601
f 2606 2605 2607
f 2608 2606 2607
f 2612 2611 2613
f 2614 2612 2613
f 2618 2617 2619
f 2620 2618 2619
f 2624 2623 2625
f 2626 2624 2625
f 2630 2629 2631
f 2632 2630 2631
f 2636 2635 2637
f 2638 2636 2637
f 2644 2643 2641
f 2642 2644 2641
f 2650 2649 2647
f 2648 2650 2647
f 2656 2655 2653
f 2654 2656 2653
f 2662 2661 2659
f 2660 2662 2659
f 2668 2667 2665
f 2666 2668 2665
f 2674 2673 2671
f 2672 2674 2671
f 2680 2679 2677
f 2678 2680 2677
f 2686 2685 2683
f 2684 2686 2683
f 2692 2691 2689
f 2690 2692 2689
f 2698 2697 2695
f 2696 2698 2695
f 2704 2703 2701
f 2702 2704 2701
f 2710 2709 2707
f 2708 2710 2707
f 2716 2715 2713
f 2714 2716 2713
f 2722 2721 2719
f 2720 2722 2719
f 2728 2727 2725
f 2726 2728 2725
f 2734 2733 2731
f 2732 2734 2731
f 2740 2739 2737
f 2738 2740 2737
f 2746 2745 2743
f 2744 2746 2743
f 2752 2751 2749
f 2750 2752 2749
f 2758 2757 2755
f 2756 2758 2755
f 2764 2763 2761
f 2762 2764 2761
f 2770 2769 2767
f 2768 2770 2767
f 2776 2775 2773
f 2774 2776 2773
f 2782 2781 2779
f 2780 2782 2779
f 2788 2787 2785
f 2786 2788 2785
f 2794 2793 2791
f 2792 2794 2791
f 2800 2799 2797
f 2798 2800 2797
f 2806 2805 2803
f 2804 2806 2803
f 2812 2811 2809
f 2810 2812 2809
f 2818 2817 2815
f 2816 2818 2815
f 2824 2823 2821
f 2822 2824 2821
f 2828 2827 2825
f 2826 2828 2825
f 2834 2833 2831
f 2832 2834 2831
f 2840 2839 2837
f 2838 2840 2837
f 2846 2845 2843
f 2844 2846 2843
f 2852 2851 2849
f 2850 2852 2849
f 2858 2857 2855
f 2856 2858 2855
f 2864 2863 2861
f 2862 2864 2861
f 2870 2869 2867
f 2868 2870 2867
f 2876 2875 2873
f 2874 2876 2873
f 2882 2881 2879
f 2880 2882 2879
f 2888 2887 2885
f 2886 2888 2885
f 2894 2893 2891
f 2892 2894 2891
f 2900 2899 2897
f 2898 2900 2897
f 2906 2905 2903
f 2904 2906 2903
f 2912 2911 2909
f 2910 2912 2909
f 2918 2917 2915
f 2916 2918 2915
f 2924 2923 2921
f 2922 2924 2921
f 2930 2929 2927
f 2928 2930 2927
f 2936 2935 2933
f 2934 2936 2933
f 2942 2941 2939
f 2940 2942 2939
f 2948 2947 2945
f 2946 2948 2945
f 2954 2953 2951
f 2952 2954 2951
f 2960 2959 2957
f 2958 2960 2957
f 2966 2965 2963
f 2964 2966 2963
f 2972 2971 2969
f 2970 2972 2969
f 2978 2977 2975
f 2976 2978 2975
f 2984 2983 2981
f 2982 2984 2981
f 2990 2989 2987
f 2988 2990 2987
f 2996 2995 2993
f 2994 2996 2993
f 3002 3001 2999
f 3000 3002 2999
f 3008 3007 3005
f 3006 3008 3005
f 3014 3013 3011
f 3012 3014 3011
f 3020 3019 3017
f 3018 3020 3017
f 3026 3025 3023
f 3024 3026 3023
f 3032 3031 3029
f 3030 3032 3029
f 3038 3037 3035
f 3036 3038 3035
f 3044 3043 3041
f 3042 3044 3041
f 3050 3049 3047
f 3048 3050 3047
f 3056 3055 3053
f 3054 3056 3053
f 3062 3061 3059
f 3060 3062 3059
f 3068 3067 3065
f 3066 3068 3065
g 05__17181C_大简_PETG_HF_黑
usemtl part_05_17181C
f 3076 3074 3070
f 3072 3076 3070
f 3073 3075 3071
f 3069 3073 3071
f 3074 3073 3069
f 3070 3074 3069
f 3072 3071 3075
f 3076 3072 3075
f 3070 3069 3071
f 3072 3070 3071
f 3076 3075 3073
f 3074 3076 3073
